Year,Company,Category,Market Capin B USD,Revenue,Gross Profit,Net Income,Earning Per Share,EBITDA,Share Holder Equity,Cash Flow from Operating,Cash Flow from Investing,Cash Flow from Financial Activities,Current Ratio,Debt/Equity Ratio,ROE,ROA,ROI,Net Profit Margin,Free Cash Flow per Share,Return on Tangible Equity,Number of Employees,Inflation Ratein US
2022,AAPL,IT,2066.94,394328.0,170782.0,99803.0,6.11,130541.0,50672.0,122151.0,-22354.0,-110749.0,0.8794,2.3695,196.9589,28.2924,66.6994,25.3096,1.3146,196.9589,164000,8.0028
2021,AAPL,IT,2913.28,365817.0,152836.0,94680.0,5.61,120233.0,63090.0,104038.0,-14545.0,-93353.0,1.0746,1.9768,150.0713,26.9742,54.9839,25.8818,1.3261,150.0713,154000,4.6979
2020,AAPL,IT,2255.97,274515.0,104956.0,57411.0,3.28,77344.0,65339.0,80674.0,-4289.0,-86820.0,1.3636,1.7208,87.8664,17.7256,35.0054,20.9136,1.0183,87.8664,147000,1.2336
2019,AAPL,IT,1304.76,260174.0,98392.0,55256.0,2.97,76477.0,90488.0,69391.0,45896.0,-90976.0,1.5401,1.194,61.0645,16.323,30.3113,21.2381,-0.0388,61.0645,137000,1.8122
2018,AAPL,IT,748.54,265595.0,101839.0,59531.0,2.98,81801.0,107147.0,77434.0,16066.0,-87876.0,1.1329,1.0685,55.5601,16.2775,29.6348,22.4142,0.7414,55.5601,132000,2.4426
2017,AAPL,IT,868.87,229234.0,88186.0,48351.0,2.3025,71501.0,134047.0,64225.0,-46446.0,-17974.0,1.2761,0.863,36.0702,12.8826,20.9082,21.0924,0.033,36.0702,123000,2.1301
2016,AAPL,IT,617.59,215639.0,84263.0,45687.0,2.0775,70529.0,128249.0,66231.0,-45977.0,-20890.0,1.3527,0.6786,35.6237,14.2024,22.4312,21.1868,-0.5901,38.1906,116000,1.2616
2015,AAPL,IT,586.86,233715.0,93626.0,53394.0,2.305,82487.0,119355.0,81266.0,-56274.0,-17716.0,1.1088,0.539,44.7355,18.3899,30.9201,22.8458,0.9743,48.3878,110000,0.1186
2014,AAPL,IT,647.36,182795.0,70537.0,39510.0,1.6125,60449.0,111547.0,59713.0,-22579.0,-37549.0,1.0801,0.3164,35.4201,17.042,28.1142,21.6144,0.3032,38.438,97000,1.6222
2013,AAPL,IT,504.79,170910.0,64304.0,37037.0,1.42,55756.0,123549.0,53666.0,-33774.0,-16379.0,1.6786,0.1373,29.9776,17.8923,26.3592,21.6705,0.1363,31.4425,84400,1.4648
2012,AAPL,IT,500.61,156508.0,68662.0,41733.0,1.5775,58518.0,118210.0,50856.0,-48227.0,-1698.0,1.4958,0.0,35.3041,23.7033,35.3041,26.6651,0.3394,36.9806,76100,2.0693
2011,AAPL,IT,376.4,108249.0,43818.0,25922.0,0.9886,35604.0,76615.0,37529.0,-40419.0,1444.0,1.6084,0.0,33.8341,22.2753,33.8341,23.9466,0.6278,35.9115,63300,3.1568
2010,AAPL,IT,296.89,65225.0,25684.0,14013.0,0.5411,19412.0,47791.0,18595.0,-13854.0,1257.0,2.0113,0.0,29.3214,18.6385,29.3214,21.4841,0.2857,30.0013,49400,1.64
2009,AAPL,IT,189.8,42905.0,17222.0,8235.0,0.3243,12474.0,31640.0,10159.0,-17434.0,663.0,2.7425,0.0,26.0272,17.3365,26.0272,19.1936,0.355,26.4052,36800,-0.3555
2023,MSFT,IT,2451.23,211915.0,146052.0,72361.0,9.68,102384.0,206223.0,87582.0,-22680.0,-43935.0,1.7692,0.2291,35.0887,17.5644,29.1528,34.1462,-0.6808,56.1064,221000,3.7
2022,MSFT,IT,1787.73,198270.0,135620.0,72738.0,9.65,97843.0,166542.0,89035.0,-30311.0,-58876.0,1.7846,0.2989,43.6755,19.937,34.0575,36.6863,1.2643,82.9207,221000,8.0028
2021,MSFT,IT,2525.08,168088.0,115856.0,61271.0,8.05,81602.0,141988.0,76740.0,-27577.0,-48486.0,2.08,0.4095,43.1522,18.3568,31.9017,36.4517,1.4887,72.5298,181000,4.6979
2020,MSFT,IT,1681.61,143015.0,96937.0,44281.0,5.76,65755.0,118304.0,60675.0,-12223.0,-46031.0,2.5158,0.5353,37.4298,14.6961,24.8935,30.9625,0.9526,65.2006,163000,1.2336
2019,MSFT,IT,1203.06,125843.0,82933.0,39240.0,5.06,54641.0,102330.0,52185.0,-15773.0,-36887.0,2.5288,0.7053,38.3465,13.6937,23.22,31.1817,0.7968,74.6661,144000,1.8122
2018,MSFT,IT,779.67,110360.0,72007.0,16571.0,2.13,45319.0,82718.0,43884.0,-6061.0,-33590.0,2.9008,0.9217,20.0331,6.4018,10.6937,15.0154,0.1317,42.5094,131000,2.4426
2017,MSFT,IT,659.91,96571.0,62310.0,25489.0,3.25,37803.0,87711.0,39507.0,-46781.0,8408.0,2.9186,0.9827,29.0602,10.1829,15.5626,26.3941,0.8887,59.9981,124000,2.1301
2016,MSFT,IT,483.16,91154.0,58374.0,20539.0,2.56,33330.0,71997.0,33325.0,-23950.0,-8393.0,2.3529,0.7425,28.5276,10.6162,18.2481,22.5322,0.2435,40.7585,114000,1.2616
2015,MSFT,IT,443.17,93580.0,60542.0,12193.0,1.48,31616.0,80083.0,29668.0,-23001.0,-9668.0,2.4734,0.4407,15.2255,6.9885,11.3012,13.0295,-0.3425,20.911,118000,0.1186
2014,MSFT,IT,382.88,86833.0,59755.0,22074.0,2.63,32971.0,89784.0,32502.0,-18833.0,-8665.0,2.504,0.2522,24.5857,12.8051,19.9893,25.4212,0.3152,35.2192,128000,1.6222
2013,MSFT,IT,312.3,77849.0,57464.0,21863.0,2.58,30519.0,78944.0,28833.0,-23811.0,-8148.0,2.7118,0.1976,27.6943,15.3499,23.8822,28.0839,-0.5456,35.7204,118000,1.4648
2012,MSFT,IT,224.8,73723.0,56193.0,16978.0,2.0,30923.0,66363.0,31626.0,-24786.0,-9408.0,2.6029,0.18,25.5835,14.0001,22.0276,23.0295,0.5798,34.1328,128000,2.0693
2011,MSFT,IT,218.38,69943.0,54366.0,23150.0,2.69,29927.0,57083.0,26994.0,-14616.0,-8376.0,2.6037,0.2088,40.555,21.2964,33.5488,33.0984,0.3921,52.9046,99000,3.1568
2010,MSFT,IT,238.78,62484.0,50089.0,18760.0,2.1,26771.0,46175.0,24073.0,-11314.0,-13291.0,2.1293,0.1286,40.628,21.7853,36.7023,30.0237,0.7057,57.5054,94000,1.64
2009,MSFT,IT,270.64,58437.0,46282.0,14569.0,1.62,22925.0,39558.0,19037.0,-15770.0,-7463.0,1.8229,0.1453,36.8295,18.7051,33.6435,24.9311,1.7695,57.5941,90000,-0.3555
2022,GOOG,IT,1144.35,282836.0,156633.0,59972.0,4.56,90770.0,256144.0,91495.0,-20298.0,-69757.0,2.378,0.0574,23.4134,16.4188,22.1426,21.2038,-0.3613,26.6424,190234,8.0028
2021,GOOG,IT,1910.26,257637.0,146698.0,76033.0,5.61,91155.0,251635.0,91652.0,-35523.0,-61362.0,2.9281,0.0589,30.2156,21.1633,28.5354,29.5117,1.7123,33.4561,156500,4.6979
2020,GOOG,IT,1179.4,182527.0,97795.0,40269.0,2.93,54921.0,222544.0,65124.0,-32773.0,-24408.0,3.0668,0.0626,18.0949,12.5992,17.0288,22.0619,0.843,20.1422,135301,1.2336
2019,GOOG,IT,917.82,161857.0,89961.0,34343.0,2.458,46012.0,201442.0,54520.0,-29491.0,-23209.0,3.3741,0.0226,17.0486,12.4472,16.6717,21.2181,0.5566,19.2033,118899,1.8122
2018,GOOG,IT,719.63,136819.0,77270.0,30736.0,2.185,36559.0,177628.0,47971.0,-28504.0,-13179.0,3.919,0.0226,17.3036,13.2032,16.9214,22.4647,-0.0705,19.5124,98771,2.4426
2017,GOOG,IT,726.47,110855.0,65272.0,12662.0,0.9,33093.0,152502.0,37091.0,-31401.0,-8298.0,5.1403,0.026,8.3028,6.4178,8.0922,11.4221,-0.151,9.5158,80110,2.1301
2016,GOOG,IT,530.84,90272.0,55134.0,19478.0,1.3925,29860.0,139036.0,36036.0,-31165.0,-8332.0,6.2908,0.0283,14.0093,11.6289,13.6237,21.577,0.6249,16.3323,72053,1.2616
2015,GOOG,IT,521.67,74989.0,46825.0,15826.0,1.142,24423.0,120331.0,26572.0,-23711.0,-4225.0,4.6667,0.0434,13.5859,11.0863,13.3643,21.1044,0.3054,16.2481,61814,0.1186
2014,GOOG,IT,354.75,66001.0,40310.0,14136.0,1.0285,21475.0,103860.0,23024.0,-21055.0,-2087.0,4.6878,0.0504,13.1138,10.5429,12.7185,21.4179,0.0463,16.2814,53600,1.6222
2013,GOOG,IT,371.53,55519.0,33526.0,12733.0,0.9395,19342.0,87309.0,18659.0,-13679.0,-857.0,4.5817,0.0601,15.0729,11.8644,14.6965,22.9345,-0.2373,18.8671,47756,1.4648
2012,GOOG,IT,230.54,46039.0,28863.0,10737.0,0.808,16796.0,71715.0,16619.0,-13056.0,1229.0,4.2166,0.0772,16.1096,12.3169,15.4652,23.3215,0.1539,21.512,53861,2.0693
2011,GOOG,IT,207.65,37905.0,24717.0,9737.0,0.744,13593.0,58145.0,14565.0,-19041.0,807.0,5.9192,0.0723,16.7461,13.4167,15.9281,25.6879,0.3039,19.7822,32467,3.1568
2010,GOOG,IT,188.54,29321.0,18904.0,8505.0,0.6578,11777.0,46241.0,11081.0,-10680.0,3050.0,4.1579,0.0749,18.3928,14.7016,18.3928,29.0065,-0.1195,21.8407,24400,1.64
2009,GOOG,IT,195.27,23651.0,14807.0,6520.0,0.5103,9836.0,36004.0,9316.0,-8019.0,233.0,10.6178,0.0,18.1091,16.1,18.1091,27.5675,0.6657,21.4997,19835,-0.3555
2022,PYPL,FinTech,81.19,27518.0,11653.0,2419.0,2.09,5154.0,20274.0,5813.0,-3421.0,-1110.0,1.2753,0.5138,11.9315,3.073,7.8818,8.7906,0.288,29.2256,29900,8.0028
2021,PYPL,FinTech,221.57,25371.0,11921.0,4169.0,3.52,5527.0,21727.0,5797.0,-5149.0,-557.0,1.2218,0.3705,19.1881,5.4998,14.0012,16.4322,-0.4843,46.6279,30900,4.6979
2020,PYPL,FinTech,274.41,21454.0,10001.0,4202.0,3.54,4478.0,20063.0,6219.0,-16545.0,12454.0,1.3264,0.4455,20.944,5.9705,14.4887,19.5861,1.7623,42.5304,26500,1.2336
2019,PYPL,FinTech,127.01,17772.0,7987.0,2459.0,2.07,3631.0,16929.0,4071.0,-5742.0,4187.0,1.43,0.2933,14.5254,4.7903,11.2314,13.8364,-1.0251,24.7409,23200,1.8122
2018,PYPL,FinTech,99.09,15451.0,7189.0,2057.0,1.71,2970.0,15386.0,5480.0,821.0,-1240.0,1.2725,0.1299,13.3693,4.7471,13.3693,13.3131,2.347,24.852,21800,2.4426
2017,PYPL,FinTech,88.48,13094.0,6399.0,1795.0,1.47,2932.0,15994.0,2531.0,-4485.0,4084.0,1.4279,0.0625,11.223,4.4023,11.223,13.7086,-0.5169,15.6264,18700,2.1301
2016,PYPL,FinTech,47.63,10842.0,5141.0,1401.0,1.15,2310.0,14712.0,3158.0,-5904.0,2038.0,1.5246,0.0,9.5228,4.2322,9.5228,12.922,0.5382,13.417,18100,1.2616
2015,PYPL,FinTech,44.23,9248.0,4719.0,1228.0,1.0,2069.0,13759.0,2546.0,-8038.0,4728.0,1.5163,0.0,8.9251,4.2519,8.9251,13.2786,0.0935,13.159,16800,0.1186
2014,PYPL,FinTech,113.14,8025.0,4218.0,419.0,0.34,1784.0,8248.0,2220.0,-2881.0,1284.0,1.3224,0.1325,5.08,1.9118,5.08,5.2212,0.103,8.5458,15800,1.6222
2022,AIG,Bank,46.99,56437.0,20762.0,10247.0,13.01,20640.0,42235.0,4207.0,-3626.0,-676.0,1.0,0.6435,27.0084,2.1411,16.2446,18.1565,-1.9207,26.6982,26200,8.0028
2021,AIG,Bank,47.21,52057.0,15322.0,9359.0,10.82,15382.0,68912.0,6279.0,-3280.0,-3735.0,1.0,0.4377,14.5016,1.6646,10.0157,17.9784,6.0658,14.3995,36600,4.6979
2020,AIG,Bank,32.62,43736.0,6912.0,-5973.0,-6.88,6821.0,67199.0,1038.0,-6202.0,5058.0,1.0,0.5586,-8.7433,-0.9946,-5.5694,-13.6569,3.2256,-8.6802,45000,1.2336
2019,AIG,Bank,44.65,49746.0,11975.0,3326.0,3.74,11817.0,67427.0,-1807.0,-5475.0,7258.0,1.0,0.5243,6.1561,0.7849,4.0097,6.686,-1.5986,6.1118,46000,1.8122
2018,AIG,Bank,34.86,47389.0,6921.0,-6.0,-0.01,6897.0,57309.0,-394.0,-223.0,1249.0,1.0,0.6027,0.1797,0.0209,0.1121,-0.0127,7.9685,0.1797,49600,2.4426
2017,AIG,Bank,53.56,49520.0,6849.0,-6084.0,-6.54,6435.0,65708.0,-7818.0,14041.0,-5697.0,1.0,0.4815,-9.2226,-1.2161,-6.2251,-12.2859,-11.611,-9.2226,49800,2.1301
2016,AIG,Bank,67.08,52367.0,5236.0,-849.0,-0.78,4805.0,76858.0,3502.0,3252.0,-6833.0,1.0,0.4022,-0.337,-0.052,-0.2403,-1.6213,1.0537,-0.337,56400,1.2616
2015,AIG,Bank,76.66,58327.0,10565.0,2196.0,1.65,9958.0,90210.0,2877.0,8462.0,-11429.0,1.0,0.3242,2.4631,0.4472,1.8601,3.765,-1.303,2.4631,66400,0.1186
2014,AIG,Bank,78.41,64406.0,19219.0,7529.0,5.2,16752.0,107272.0,5007.0,14284.0,-19788.0,1.0,0.291,7.0606,1.469,5.469,11.6899,-0.5007,7.0606,65000,1.6222
2013,AIG,Bank,75.16,68874.0,21915.0,9085.0,6.13,16922.0,101081.0,5865.0,7099.0,-11758.0,1.0,0.4125,8.9117,1.6641,6.3093,13.1908,1.7809,8.9117,64000,1.4648
2012,AIG,Bank,52.11,71214.0,21825.0,3438.0,2.04,19327.0,98669.0,3676.0,16612.0,-20564.0,1.0,0.4915,3.7489,0.6742,2.5134,4.8277,2.2237,3.7489,63000,2.0693
2011,AIG,Bank,44.06,65105.0,18692.0,19810.0,11.01,15225.0,102393.0,-81.0,36448.0,-36926.0,1.0,0.7349,18.4222,3.4107,10.6183,30.4278,-121.5022,18.4222,57000,3.1568
2010,AIG,Bank,7.79,72829.0,16787.0,2046.0,14.98,21166.0,113239.0,16597.0,-9912.0,-9261.0,1.0,0.7548,32.1262,1.9393,6.6699,2.8093,-15.8715,11.7045,63000,1.64
2009,AIG,Bank,4.04,75447.0,18614.0,-12244.0,-90.48,27765.0,98076.0,18584.0,5778.0,-28997.0,1.0,1.1552,-45.3061,-1.5123,-6.0641,-16.2286,137.3287,-13.9507,96000,-0.3555
2022,PCG,Manufacturing,41.28,21680.0,16824.0,1800.0,0.84,5693.0,23075.0,3721.0,-10214.0,7133.0,0.8117,2.2563,7.8613,1.5289,2.5615,8.3026,-0.016,7.8613,26010,8.0028
2021,PCG,Manufacturing,32.2,20642.0,16261.0,-102.0,-0.05,5286.0,21223.0,2262.0,-6905.0,4323.0,0.6356,2.1152,-0.4146,-0.0852,-0.148,-0.4941,18.6025,-0.4146,26000,4.6979
2020,PCG,Manufacturing,24.1,18469.0,14571.0,-1318.0,-1.05,5223.0,21253.0,-19130.0,-7748.0,25928.0,0.707,1.9227,-6.1356,-1.3326,-2.2275,-7.1363,-18.5013,-6.1356,24000,1.2336
2019,PCG,Manufacturing,24.73,17129.0,13300.0,-7656.0,-14.5,-6860.0,5388.0,4816.0,-6378.0,1464.0,1.3321,0.0,-141.8337,-8.9699,-141.8337,-44.6961,0.5729,-141.8337,23000,1.8122
2018,PCG,Manufacturing,5.75,16759.0,12260.0,-6851.0,-13.25,-6664.0,12903.0,4752.0,-6564.0,3031.0,0.2205,1.7046,-52.9877,-8.8798,-52.9877,-40.8795,-4.0631,-52.9877,24000,2.4426
2017,PCG,Manufacturing,12.32,17135.0,12080.0,1646.0,3.21,5759.0,19472.0,5977.0,-5650.0,-55.0,0.881,0.9824,8.5251,2.4407,4.4594,9.6061,3.2498,8.5251,23000,2.1301
2016,PCG,Manufacturing,23.06,17666.0,12286.0,1393.0,2.78,4835.0,18192.0,4409.0,-5753.0,1171.0,0.8149,1.0134,7.7342,2.0511,4.0887,7.8852,0.2656,7.7342,24000,1.2616
2015,PCG,Manufacturing,30.73,16833.0,11071.0,874.0,1.79,4120.0,16828.0,3780.0,-5211.0,1403.0,0.9136,1.0164,5.2769,1.4043,2.7112,5.1922,-0.4285,5.2769,23000,0.1186
2014,PCG,Manufacturing,26.09,17090.0,10521.0,1436.0,3.06,4883.0,16000.0,3690.0,-4714.0,879.0,1.0792,0.9802,9.0625,2.4116,4.6699,8.4026,1.5681,9.0625,22581,1.6222
2013,PCG,Manufacturing,25.29,15598.0,9614.0,814.0,1.83,3839.0,14594.0,3427.0,-5107.0,1575.0,0.7977,1.0127,5.6736,1.4891,3.0317,5.2186,-4.6071,5.6736,21166,1.4648
2012,PCG,Manufacturing,18.1,15040.0,10017.0,816.0,1.92,3965.0,13326.0,4882.0,-4526.0,-468.0,0.8186,1.0062,6.2284,1.5825,3.2117,5.4255,1.3509,6.2284,20593,2.0693
2011,PCG,Manufacturing,17.14,14956.0,9623.0,844.0,2.1,4157.0,12353.0,3739.0,-3986.0,469.0,0.8362,1.1241,6.9457,1.7246,3.5574,5.6432,0.7766,6.9457,19274,3.1568
2010,PCG,Manufacturing,16.73,13841.0,8652.0,1099.0,2.82,4213.0,11534.0,3206.0,-3857.0,415.0,0.7713,1.1613,9.6497,2.4183,4.8681,7.9402,0.8604,9.6497,19424,1.64
2009,PCG,Manufacturing,18.76,13399.0,8397.0,1220.0,3.2,4051.0,10585.0,3039.0,-3336.0,605.0,0.8303,1.2063,11.658,2.8734,5.6624,9.1052,-2.3808,11.658,19425,-0.3555
2018,SHLDQ,Finance,0.04,16702.0,3527.0,-383.0,-3.57,-52.0,-3723.0,-1842.0,1894.0,-2.0,0.7756,-1.1099,10.2874,-5.274,25.9837,-2.2931,3.0663,7.4225,89900,2.4426
2017,SHLDQ,Finance,0.37,22138.0,4686.0,-2221.0,-20.78,-1610.0,-3824.0,-1381.0,244.0,1185.0,1.0673,-1.0887,58.0805,-23.7236,884.8605,-10.0325,-13.9382,39.5618,140000,2.1301
2016,SHLDQ,Finance,1.11,25146.0,5810.0,-1129.0,-10.59,-570.0,-1956.0,-2167.0,2519.0,-364.0,1.1116,-1.5215,57.6687,-9.9497,-742.1052,-4.4898,14.9014,27.2859,178000,1.2616
2015,SHLDQ,Finance,2.19,31198.0,7149.0,-1682.0,-15.82,-889.0,-945.0,-1387.0,327.0,285.0,1.0479,-3.9958,191.5344,-13.7277,-84.5005,-5.3914,-7.424,54.6663,196000,0.1186
2014,SHLDQ,Finance,3.51,36188.0,8755.0,-1365.0,-12.87,-195.0,2183.0,-1109.0,664.0,902.0,1.0946,1.9464,-51.1223,-6.1114,-22.2444,-3.772,-2.7683,106.6922,226000,1.6222
2013,SHLDQ,Finance,4.9,39854.0,10514.0,-930.0,-8.78,-8.0,3172.0,-303.0,191.0,-27.0,1.1011,0.9836,-33.2283,-5.4498,-20.6061,-2.3335,4.5387,1197.727,246000,1.4648
2012,SHLDQ,Finance,4.47,41567.0,10601.0,-3140.0,-29.4,-648.0,4341.0,-275.0,-309.0,-28.0,1.112,0.8047,-71.8728,-14.5924,-48.5301,-7.5541,-3.5464,-554.1741,264000,2.0693
2011,SHLDQ,Finance,3.39,42664.0,11664.0,133.0,1.19,1306.0,8614.0,123.0,-406.0,-95.0,1.3375,0.3707,1.6137,0.5706,1.2685,0.3117,-12.4078,3.2868,280000,3.1568
2010,SHLDQ,Finance,8.22,43360.0,11986.0,235.0,1.99,1561.0,9435.0,1507.0,-172.0,-951.0,1.3018,0.2655,2.9677,1.1287,2.515,0.542,5.4337,5.7911,290000,1.64
2009,SHLDQ,Finance,8.98,46770.0,12652.0,53.0,0.42,1283.0,9699.0,992.0,-637.0,-643.0,1.3412,0.301,1.0207,0.3907,0.8368,0.1133,4.5748,1.9705,291000,-0.3555
2022,MCD,FOOD,186.39,23182.6,13207.2,6177.4,8.33,11241.6,-6003.4,7386.7,-2678.1,-6580.2,1.4266,-5.9805,-102.8983,12.2481,20.6601,26.6467,-2.1323,-69.3794,150000,8.0028
2021,MCD,FOOD,193.02,23222.9,12580.2,7545.2,10.04,12224.1,-4601.0,9141.5,-2165.7,-5595.6,1.7782,-7.7424,-163.9903,14.0104,24.3223,32.4903,3.3857,-102.19,200000,4.6979
2020,MCD,FOOD,200.31,19207.8,9752.101,4730.5,6.31,9075.4,-7824.9,6265.2,-1545.8,-2249.0,1.01,-4.7848,-60.4545,8.9888,17.2823,24.628,-1.4852,-44.6358,200000,1.2336
2019,MCD,FOOD,159.89,21364.4,11179.4,6025.4,7.88,10687.7,-8210.3,8122.1,-3071.1,-4994.8,0.9826,-4.1627,-73.3883,12.6822,23.2571,28.203,2.1046,-55.3414,205000,1.8122
2018,MCD,FOOD,148.82,21257.9,10832.6,5924.3,7.54,10304.6,-6258.4,6966.7,-2455.1,-5949.6,1.3631,-4.9654,-94.6616,18.0557,23.872,27.8687,0.8436,-68.9682,210000,2.4426
2017,MCD,FOOD,136.89,22820.4,10620.8,5192.3,6.37,10916.1,-3268.0,5551.2,562.0,-5310.8,1.8429,-9.0381,-158.8832,15.3602,19.7663,22.7529,-0.2793,-91.9365,235000,2.1301
2016,MCD,FOOD,137.21,24621.9,10204.7,4686.5,5.44,9261.002,-2204.3,6059.6,-981.6,-11262.4,1.398,-11.775,-212.6069,15.1061,19.7958,19.0339,-0.21,-103.2087,375000,1.2616
2015,MCD,FOOD,101.08,25413.0,9789.2,4529.3,4.8,8701.2,7087.9,6539.1,-1420.0,735.3,3.2684,3.4033,63.9019,11.9385,14.5123,17.8228,0.9354,99.0748,420000,0.1186
2014,MCD,FOOD,108.48,27441.3,10455.7,4757.8,4.82,9593.701,12853.4,6730.3,-2304.9,-4618.3,1.5232,1.162,37.0159,13.9006,17.1211,17.3381,0.0221,47.0227,420000,1.6222
2013,MCD,FOOD,91.19,28105.7,10902.7,5585.9,5.55,10349.4,16009.7,7120.7,-2673.8,-4043.0,1.5931,0.8826,34.8907,15.2511,18.5335,19.8746,0.4311,42.5204,440000,1.4648
2012,MCD,FOOD,96.55,27567.0,10816.3,5464.8,5.36,10093.1,15293.6,6966.1,-3167.3,-3849.8,1.4464,0.8914,35.7326,15.4432,18.8923,19.8237,-0.3911,43.7548,440000,2.0693
2011,MCD,FOOD,88.56,27006.0,10686.6,5503.1,5.27,9944.701,14390.2,7150.1,-2570.9,-4533.0,1.2547,0.8687,38.242,16.6812,20.7476,20.3773,0.3369,46.8868,420000,3.1568
2010,MCD,FOOD,102.66,24074.6,9637.3,4946.3,4.58,8749.3,14634.2,6341.6,-2056.0,-3728.7,1.4937,0.7862,33.7996,15.4692,18.9287,20.5457,0.463,41.0546,400000,1.64
2009,MCD,FOOD,81.1,22744.7,8791.8,4551.0,4.11,8057.2,14033.9,5751.0,-1655.3,-4421.0,1.1431,0.7538,32.4286,15.0571,18.5044,20.0091,3.4305,39.2034,385000,-0.3555
2022,BCS,BANK,32.53,30868.08,30868.08,6212.949,1.4744,1.0,85667.7,37392.72,-26807.33,860.8824,1.0,7.1602,8.624,0.3946,1.284,21.162,-6.5477,9.7884,87400,8.0028
2021,BCS,BANK,43.6,30169.69,30169.69,8766.263,2.0131,1.0,96547.15,67268.52,5871.677,147.1357,1.0,6.3396,10.2918,0.522,1.6696,28.2167,-1.4283,11.6267,81600,4.6979
2020,BCS,BANK,34.66,27947.54,27947.54,1959.384,0.4416,1.0,85876.48,73836.42,-23594.78,3507.888,1.0,6.0327,3.6796,0.1824,0.602,9.0147,20.4341,4.1759,83000,1.2336
2019,BCS,BANK,40.78,27621.9,27621.9,4180.571,0.72,1.0,83841.26,-15699.49,-16377.52,881.061,1.0,5.3348,5.1081,0.2942,0.9201,16.6024,-6.2895,5.8289,80800,1.8122
2018,BCS,BANK,31.68,28212.33,28212.33,1860.711,0.4912,1.0,85132.21,11351.14,903.6596,-9059.288,1.0,5.8975,3.7191,0.2093,0.6186,7.0877,-15.5712,4.2504,83500,2.4426
2017,BCS,BANK,45.79,27162.75,27162.75,-2477.073,-0.573,1.0,85081.42,78244.34,4513.377,1238.537,1.0,5.2797,1.9707,0.1148,0.3862,-10.2561,14.5974,2.2367,79900,2.1301
2016,BCS,BANK,46.21,29072.54,29072.54,2373.13,0.5584,1.0,96720.98,15295.92,49749.0,-1784.93,1.0,3.5002,3.1346,0.1844,0.8387,9.1781,-2.4382,3.5151,119300,1.2616
2015,BCS,BANK,53.45,38919.16,38919.16,-495.396,-0.1162,1.0,100706.1,24659.71,-12895.59,-674.289,1.0,3.6646,0.9459,0.0556,0.251,-1.3882,9.9996,1.0808,129400,0.1186
2014,BCS,BANK,60.47,41677.15,41677.15,-197.7716,-0.046,1.0,108705.4,-17207.81,17560.51,-5039.89,1.0,5.0612,1.2811,0.0622,0.3671,-0.519,6.6557,1.4625,132300,1.6222
2013,BCS,BANK,55.49,43712.69,43712.69,846.5568,0.232,1.0,100067.4,-39392.27,-35434.89,9247.968,1.0,6.6208,2.0282,0.0988,0.547,2.1758,-3.8585,2.3052,139600,1.4648
2012,BCS,BANK,52.82,46036.06,46036.06,-1650.089,-0.539,1.0,99793.14,-21741.23,-11252.63,-4504.854,1.0,7.688,-0.3749,-0.0158,-0.0829,-4.0909,-21.998,-0.4288,139200,2.0693
2011,BCS,BANK,33.47,48866.82,48866.82,6338.98,1.54,1.0,104600.5,46654.34,-3067.61,-9563.82,1.0,7.6045,4.6122,0.1923,1.368,12.2352,6.1199,5.2432,141100,3.1568
2010,BCS,BANK,47.13,49030.07,49030.07,7034.11,1.84,1.0,96275.73,28894.16,-8701.03,245.86,1.0,9.3328,6.0555,0.2531,1.5241,14.4688,-12.8733,7.0387,147500,1.64
2009,BCS,BANK,36.84,45992.04,45992.04,5497.87,5.12,1.0,91570.7,65523.51,18026.64,-1035.05,1.0,8.5152,19.5283,0.8282,5.1862,12.0558,21.5535,22.9851,144200,-0.3555
2023,NVDA,ELEC,1000.35,26974.0,15356.0,4368.0,1.74,5768.0,22101.0,5641.0,7375.0,-11617.0,3.5156,0.4956,19.7638,10.6066,13.7341,16.1934,-1.689,27.2099,26196,3.7
2022,NVDA,ELEC,359.5,26914.0,17475.0,9752.0,3.85,11215.0,26612.0,9108.0,-9830.0,1865.0,6.6503,0.4113,36.6451,22.0698,25.9652,36.2339,1.3378,48.946,22473,8.0028
2021,NVDA,ELEC,735.86,16675.0,10396.0,4332.0,1.73,5630.0,16893.0,5822.0,-19675.0,3804.0,4.0904,0.4122,25.6438,15.0464,18.9526,25.979,0.1419,43.4809,18975,4.6979
2020,NVDA,ELEC,323.24,10918.0,6768.0,2796.0,1.13,3227.0,12204.0,4761.0,6145.0,-792.0,7.6738,0.1631,22.9105,16.1479,19.6971,25.6091,0.471,24.2351,13775,1.2336
2019,NVDA,ELEC,144.0,11716.0,7171.0,4141.0,1.6575,4066.0,9342.0,3743.0,-4097.0,-2866.0,7.9436,0.2128,44.3267,31.1541,36.549,35.3448,0.1057,47.7129,13277,1.8122
2018,NVDA,ELEC,81.44,9714.0,5822.0,3047.0,1.205,3409.0,7471.0,3502.0,1278.0,-2544.0,8.0269,0.2677,40.7844,27.1061,32.2229,31.3671,0.5725,44.8022,11528,2.4426
2017,NVDA,ELEC,117.26,6910.0,4063.0,1666.0,0.6425,2121.0,5762.0,1672.0,-793.0,291.0,4.774,0.4877,28.9136,16.9292,21.4249,24.11,0.0975,33.0556,10299,2.1301
2016,NVDA,ELEC,57.53,5010.0,2811.0,614.0,0.27,973.0,4469.0,1175.0,-400.0,-676.0,2.5746,0.3379,13.7391,8.3311,13.4472,12.2555,0.124,16.6621,9227,1.2616
2015,NVDA,ELEC,17.73,4682.0,2599.0,631.0,0.28,1007.0,4418.0,906.0,-727.0,-834.0,6.3761,0.3164,14.2825,8.7627,10.8494,13.4772,0.1033,17.6356,9228,0.1186
2014,NVDA,ELEC,10.9,4130.0,2268.0,440.0,0.185,740.0,4456.398,835.0,-806.0,390.0,5.949,0.3083,9.8734,6.0682,7.5468,10.6538,-0.0022,12.5099,8808,1.6222
2013,NVDA,ELEC,9.11,4280.159,2226.343,562.536,0.225,874.4742,4827.703,824.172,-743.992,-15.27,4.8916,0.0039,11.6523,8.7728,11.6066,13.1429,-0.0561,14.5195,7974,1.4648
2012,NVDA,ELEC,7.66,3997.93,2056.517,581.09,0.235,852.5038,4145.724,909.156,-1143.364,236.723,4.1995,0.0052,14.0166,10.4646,13.9445,14.5348,0.0671,18.2816,7133,2.0693
2011,NVDA,ELEC,8.46,3543.309,1409.09,253.146,0.1075,442.7361,3181.462,675.797,-649.678,192.021,3.4232,0.0074,7.9569,5.6314,7.8988,7.1443,0.0588,10.034,6029,3.1568
2010,NVDA,ELEC,8.95,3326.445,1176.923,-67.987,-0.03,97.7189,2665.14,487.807,-519.333,61.059,3.1628,0.0092,-2.551,-1.8959,-2.5278,-2.0438,0.2588,-3.1261,5706,1.64
2009,NVDA,ELEC,10.37,3424.859,1174.269,-30.041,-0.0125,114.3228,2394.652,249.36,-209.367,-349.274,2.7845,0.0107,-1.2545,-0.8966,-1.2412,-0.8771,-0.0722,-1.5999,5420,-0.3555
2022,INTC,ELEC,109.08,63054.0,26866.0,8014.0,1.94,15369.0,103286.0,15433.0,-10477.0,1361.0,1.5676,0.4071,7.7619,4.4025,5.687,12.7097,-4.564,11.506,131900,8.0028
2021,INTC,ELEC,209.45,79024.0,43815.0,19868.0,4.86,31248.0,95391.0,29456.0,-24449.0,-6045.0,2.1323,0.3994,20.828,11.7977,15.4134,25.1417,-2.8278,32.4864,121100,4.6979
2020,INTC,ELEC,104.16,77867.0,43612.0,20899.0,4.94,35917.0,81038.0,35864.0,-21524.0,-12669.0,1.9087,0.4492,25.7891,13.6514,18.1833,26.8394,1.2739,46.4,110600,1.2336
2019,INTC,ELEC,260.35,71965.0,42140.0,21048.0,4.71,32861.0,77504.0,33145.0,-14405.0,-17565.0,1.4002,0.3742,27.1573,15.4171,20.4723,29.2476,0.7539,52.0977,110800,1.8122
2018,INTC,ELEC,214.19,70848.0,43737.0,21053.0,4.48,32401.0,74563.0,29432.0,-11239.0,-18607.0,1.7314,0.3535,28.2352,16.4524,21.1246,29.7157,0.8946,55.0924,107400,2.4426
2017,INTC,ELEC,216.03,62761.0,39098.0,9601.0,1.99,26179.0,69019.0,22110.0,-15762.0,-8475.0,1.6934,0.3885,13.9107,7.7899,10.2078,15.2977,-0.3622,30.1113,102700,2.1301
2016,INTC,ELEC,171.88,59387.0,36233.0,10316.0,2.12,20923.0,66226.0,21808.0,-25817.0,-5739.0,1.749,0.3818,15.577,9.1029,11.8745,17.3708,0.1101,24.1972,106000,1.2616
2015,INTC,ELEC,162.57,55355.0,34679.0,11420.0,2.33,22713.0,61085.0,19018.0,-8183.0,1912.0,2.4492,0.3711,18.6953,11.2558,14.0777,20.6305,0.3492,24.9236,107300,0.1186
2014,INTC,ELEC,175.46,55870.0,35609.0,11704.0,2.31,23896.0,55865.0,20418.0,-9905.0,-13611.0,1.7319,0.2444,20.9505,12.7356,17.231,20.9486,0.0651,28.8574,106700,1.6222
2013,INTC,ELEC,129.02,52708.0,31521.0,9620.0,1.89,20323.0,58256.0,20776.0,-18073.0,-5498.0,2.3647,0.2308,16.5133,10.416,13.4694,18.2515,0.452,22.5859,107600,1.4648
2012,INTC,ELEC,102.61,53341.0,33151.0,11005.0,2.13,22160.0,51203.0,18884.0,-14060.0,-1408.0,2.4312,0.2626,21.4929,13.0467,17.1047,20.6314,-0.3622,31.2128,105000,2.0693
2011,INTC,ELEC,123.48,53999.0,33757.0,12942.0,2.39,23541.0,45911.0,20963.0,-10301.0,-11100.0,2.151,0.1597,28.1893,18.1977,24.4212,23.9671,-0.1314,42.5864,100100,3.1568
2010,INTC,ELEC,117.31,43623.0,28491.0,11464.0,2.01,20226.0,49430.0,16692.0,-10539.0,-4642.0,3.3892,0.0428,23.1924,18.1433,22.2572,26.2797,0.8374,26.0315,82500,1.64
2009,INTC,ELEC,112.65,35127.0,19561.0,4369.0,0.77,10763.0,41704.0,11170.0,-7965.0,-2568.0,2.7871,0.0533,10.4762,8.2286,9.9856,12.4377,1.1789,11.7185,79800,-0.3555
2022,AMZN,LOGI,856.94,513983.0,225152.0,-2722.0,-0.27,54169.0,146043.0,46752.0,-37601.0,9718.0,0.9446,0.4598,-1.8638,-0.5883,-1.2768,-0.5296,-0.2546,-2.1645,1541000,8.0028
2021,AMZN,LOGI,1691.0,469822.0,197478.0,33364.0,3.24,59312.0,138245.0,46327.0,-58154.0,6291.0,1.1358,0.3526,24.134,7.9334,17.8428,7.1014,-3.9226,27.153,1608000,4.6979
2020,AMZN,LOGI,1634.16,386064.0,152757.0,21331.0,2.09,48079.0,93404.0,66064.0,-59611.0,-1104.0,1.0502,0.3406,22.8374,6.6411,17.0348,5.5252,0.4798,27.2124,1298000,1.2336
2019,AMZN,LOGI,916.15,280522.0,114986.0,11588.0,1.1505,36330.0,62060.0,38514.0,-24281.0,-10066.0,1.097,0.3773,18.6723,5.1446,13.5573,4.1309,0.622,24.4958,798000,1.8122
2018,AMZN,LOGI,734.42,232887.0,93731.0,10073.0,1.007,27762.0,43549.0,30723.0,-12369.0,-7686.0,1.0981,0.5395,23.1303,6.1931,15.0245,4.3253,1.0975,34.7333,647500,2.4426
2017,AMZN,LOGI,563.54,177866.0,65932.0,3033.0,0.3075,15584.0,27709.0,18365.0,-27084.0,9928.0,1.04,0.893,10.9459,2.3098,5.7824,1.7052,-0.2387,21.1226,566000,2.1301
2016,AMZN,LOGI,356.31,135987.0,47722.0,2371.0,0.245,12302.0,19285.0,17203.0,-9516.0,-3716.0,1.0448,0.399,12.2945,2.8429,8.7883,1.7435,0.3003,15.2958,341400,1.2616
2015,AMZN,LOGI,316.83,107006.0,35355.0,596.0,0.0625,8514.0,13384.0,12039.0,-6450.0,-3882.0,1.0536,0.6147,4.4531,0.9205,2.7579,0.557,0.57,6.1922,230800,0.1186
2014,AMZN,LOGI,143.7,88988.0,26236.0,-241.0,-0.026,4924.0,10741.0,6842.0,-5065.0,4432.0,1.1153,0.7695,-2.2437,-0.4422,-1.268,-0.2708,-0.0075,-3.2471,154100,1.6222
2013,AMZN,LOGI,182.54,74452.0,20271.0,274.0,0.0295,3998.0,9746.0,5475.0,-4276.0,-539.0,1.0716,0.3274,2.8114,0.6823,2.118,0.368,0.1748,3.8641,117300,1.4648
2012,AMZN,LOGI,113.63,61093.0,15122.0,-39.0,-0.0045,2835.0,8192.0,4180.0,-3595.0,2259.0,1.1207,0.3765,-0.4761,-0.1198,-0.3459,-0.0638,-0.1833,-0.6915,88400,2.0693
2011,AMZN,LOGI,78.72,48077.0,10789.0,631.0,0.0685,1945.0,7757.0,3903.0,-1930.0,-482.0,1.1741,0.0329,8.1346,2.4962,7.8757,1.3125,-0.049,10.8756,56200,3.1568
2010,AMZN,LOGI,80.79,34204.0,7643.0,1152.0,0.1265,1974.0,6864.0,3495.0,-3360.0,181.0,1.3254,0.2274,16.7832,6.1286,13.6736,3.368,-0.0544,20.8885,33700,1.64
2009,AMZN,LOGI,58.24,24509.0,5531.0,902.0,0.102,1507.0,5257.0,3293.0,-2337.0,-280.0,1.3304,0.2007,17.1581,6.5301,17.1581,3.6803,0.3303,22.4211,24300,-0.3555
