Year,Company,Category,Market Capin B USD,Revenue,Gross Profit,Net Income,Earning Per Share,EBITDA,Share Holder Equity,Cash Flow from Operating,Cash Flow from Investing,Cash Flow from Financial Activities,Current Ratio,Debt/Equity Ratio,ROE,ROA,ROI,Net Profit Margin,Free Cash Flow per Share,Return on Tangible Equity,Number of Employees,Inflation Ratein US,Financial_Status,Profit_Margin_Ratio,EBITDA_Margin,ROA_Ratio,ROE_Ratio,CashFlow_to_Revenue,Liquidity_Index,Profit_to_CashFlow,Revenue_per_Employee
2022,AAPL,IT,2066.94,394328.0,170782.0,99803.0,6.11,130541.0,50672.0,122151.0,-22354.0,-110749.0,0.8794,2.3695,196.9589,28.2924,66.6994,25.3096,1.3146,196.9589,164000,8.0028,0,0.2530964070519973,0.3310467428130896,0.282924,1.969589,0.30977003915522106,0.2724117724331014,0.817046115054318,2.404439024390244
2021,AAPL,IT,2913.28,365817.0,152836.0,94680.0,5.61,120233.0,63090.0,104038.0,-14545.0,-93353.0,1.0746,1.9768,150.0713,26.9742,54.9839,25.8818,1.3261,150.0713,154000,4.6979,0,0.2588179335569424,0.3286697993805646,0.269742,1.5007130000000002,0.284399030116151,0.3056151977628158,0.9100520963494108,2.375435064935065
2020,AAPL,IT,2255.97,274515.0,104956.0,57411.0,3.28,77344.0,65339.0,80674.0,-4289.0,-86820.0,1.3636,1.7208,87.8664,17.7256,35.0054,20.9136,1.0183,87.8664,147000,1.2336,0,0.20913611278072236,0.2817478097736007,0.177256,0.878664,0.2938782944465694,0.400732442307342,0.7116419168505342,1.8674489795918368
2019,AAPL,IT,1304.76,260174.0,98392.0,55256.0,2.97,76477.0,90488.0,69391.0,45896.0,-90976.0,1.5401,1.194,61.0645,16.323,30.3113,21.2381,-0.0388,61.0645,137000,1.8122,0,0.21238094505984456,0.29394559025882677,0.16323000000000001,0.610645,0.2667099710193947,0.4107600263669698,0.7962992318888616,1.899080291970803
2018,AAPL,IT,748.54,265595.0,101839.0,59531.0,2.98,81801.0,107147.0,77434.0,16066.0,-87876.0,1.1329,1.0685,55.5601,16.2775,29.6348,22.4142,0.7414,55.5601,132000,2.4426,0,0.22414202074587247,0.3079914908036672,0.162775,0.555601,0.29154916319960844,0.3302960469888364,0.7687966526332102,2.0120833333333334
2017,AAPL,IT,868.87,229234.0,88186.0,48351.0,2.3025,71501.0,134047.0,64225.0,-46446.0,-17974.0,1.2761,0.863,36.0702,12.8826,20.9082,21.0924,0.033,36.0702,123000,2.1301,0,0.21092420845075338,0.3119127180086724,0.128826,0.360702,0.28017222576057654,0.3575277772930717,0.7528376800311405,1.8636910569105691
2016,AAPL,IT,617.59,215639.0,84263.0,45687.0,2.0775,70529.0,128249.0,66231.0,-45977.0,-20890.0,1.3527,0.6786,35.6237,14.2024,22.4312,21.1868,-0.5901,38.1906,116000,1.2616,0,0.211867983064288,0.3270697786578495,0.142024,0.35623699999999997,0.3071383191352214,0.415466004294214,0.6898129274810889,1.8589568965517242
2015,AAPL,IT,586.86,233715.0,93626.0,53394.0,2.305,82487.0,119355.0,81266.0,-56274.0,-17716.0,1.1088,0.539,44.7355,18.3899,30.9201,22.8458,0.9743,48.3878,110000,0.1186,0,0.22845773698735639,0.35293840788995146,0.183899,0.447355,0.3477140962283123,0.3855453898979527,0.6570275391922822,2.124681818181818
2014,AAPL,IT,647.36,182795.0,70537.0,39510.0,1.6125,60449.0,111547.0,59713.0,-22579.0,-37549.0,1.0801,0.3164,35.4201,17.042,28.1142,21.6144,0.3032,38.438,97000,1.6222,0,0.21614376760852322,0.3306928526491425,0.17042000000000002,0.354201,0.32666648431302825,0.35283246970650184,0.6616649640781739,1.8844845360824742
2013,AAPL,IT,504.79,170910.0,64304.0,37037.0,1.42,55756.0,123549.0,53666.0,-33774.0,-16379.0,1.6786,0.1373,29.9776,17.8923,26.3592,21.6705,0.1363,31.4425,84400,1.4648,0,0.21670469837926393,0.3262301796267041,0.178923,0.299776,0.3140015212685039,0.5270829536013106,0.6901390079379868,2.025
2012,AAPL,IT,500.61,156508.0,68662.0,41733.0,1.5775,58518.0,118210.0,50856.0,-48227.0,-1698.0,1.4958,0.0,35.3041,23.7033,35.3041,26.6651,0.3394,36.9806,76100,2.0693,0,0.26665090602397323,0.3738978199197485,0.237033,0.353041,0.32494185600736064,0.48604802821581006,0.8206111373289288,2.056609724047306
2011,AAPL,IT,376.4,108249.0,43818.0,25922.0,0.9886,35604.0,76615.0,37529.0,-40419.0,1444.0,1.6084,0.0,33.8341,22.2753,33.8341,23.9466,0.6278,35.9115,63300,3.1568,0,0.2394664153941376,0.3289083501926115,0.222753,0.338341,0.3466914244011492,0.5576184870068084,0.6907191771696555,1.710094786729858
2010,AAPL,IT,296.89,65225.0,25684.0,14013.0,0.5411,19412.0,47791.0,18595.0,-13854.0,1257.0,2.0113,0.0,29.3214,18.6385,29.3214,21.4841,0.2857,30.0013,49400,1.64,0,0.21484093522422384,0.29761594480643927,0.186385,0.29321400000000003,0.2850900728248371,0.5734016634725948,0.7535896746437214,1.3203441295546559
2009,AAPL,IT,189.8,42905.0,17222.0,8235.0,0.3243,12474.0,31640.0,10159.0,-17434.0,663.0,2.7425,0.0,26.0272,17.3365,26.0272,19.1936,0.355,26.4052,36800,-0.3555,0,0.1919356718331197,0.2907353455308239,0.17336500000000002,0.260272,0.23677893019461602,0.6493662160587345,0.810611280637858,1.1658967391304347
2023,MSFT,IT,2451.23,211915.0,146052.0,72361.0,9.68,102384.0,206223.0,87582.0,-22680.0,-43935.0,1.7692,0.2291,35.0887,17.5644,29.1528,34.1462,-0.6808,56.1064,221000,3.7,0,0.3414623787839464,0.4831371068588821,0.175644,0.350887,0.4132883467427978,0.731189743057358,0.826208581672033,0.9588914027149321
2022,MSFT,IT,1787.73,198270.0,135620.0,72738.0,9.65,97843.0,166542.0,89035.0,-30311.0,-58876.0,1.7846,0.2989,43.6755,19.937,34.0575,36.6863,1.2643,82.9207,221000,8.0028,0,0.3668633681343622,0.49348363342916224,0.19937000000000002,0.436755,0.44905936349422504,0.801391340091794,0.8169596226203178,0.8971493212669683
2021,MSFT,IT,2525.08,168088.0,115856.0,61271.0,8.05,81602.0,141988.0,76740.0,-27577.0,-48486.0,2.08,0.4095,43.1522,18.3568,31.9017,36.4517,1.4887,72.5298,181000,4.6979,0,0.36451739564989766,0.48547189567369475,0.183568,0.431522,0.4565465708438437,0.9496168673551949,0.7984232473286421,0.9286629834254143
2020,MSFT,IT,1681.61,143015.0,96937.0,44281.0,5.76,65755.0,118304.0,60675.0,-12223.0,-46031.0,2.5158,0.5353,37.4298,14.6961,24.8935,30.9625,0.9526,65.2006,163000,1.2336,0,0.3096248645247002,0.4597769464741461,0.146961,0.374298,0.42425619690242283,1.0673437401671153,0.7298063452822414,0.8773926380368098
2019,MSFT,IT,1203.06,125843.0,82933.0,39240.0,5.06,54641.0,102330.0,52185.0,-15773.0,-36887.0,2.5288,0.7053,38.3465,13.6937,23.22,31.1817,0.7968,74.6661,144000,1.8122,0,0.3118171054409065,0.4341997568398719,0.136937,0.383465,0.41468337531686306,1.0486513195012832,0.7519402127048003,0.8739097222222222
2018,MSFT,IT,779.67,110360.0,72007.0,16571.0,2.13,45319.0,82718.0,43884.0,-6061.0,-33590.0,2.9008,0.9217,20.0331,6.4018,10.6937,15.0154,0.1317,42.5094,131000,2.4426,0,0.1501540413193186,0.4106469735411381,0.06401799999999999,0.200331,0.39764407393983325,1.1534859296846682,0.3776091513991432,0.842442748091603
2017,MSFT,IT,659.91,96571.0,62310.0,25489.0,3.25,37803.0,87711.0,39507.0,-46781.0,8408.0,2.9186,0.9827,29.0602,10.1829,15.5626,26.3941,0.8887,59.9981,124000,2.1301,0,0.26394052044609667,0.3914529206490561,0.101829,0.29060199999999997,0.40909796936968656,1.1939933334023674,0.6451768041106639,0.7787983870967742
2016,MSFT,IT,483.16,91154.0,58374.0,20539.0,2.56,33330.0,71997.0,33325.0,-23950.0,-8393.0,2.3529,0.7425,28.5276,10.6162,18.2481,22.5322,0.2435,40.7585,114000,1.2616,0,0.22532198257893235,0.36564495249797047,0.10616199999999999,0.285276,0.365590100269873,0.8601969469249842,0.616324081020255,0.7995964912280702
2015,MSFT,IT,443.17,93580.0,60542.0,12193.0,1.48,31616.0,80083.0,29668.0,-23001.0,-9668.0,2.4734,0.4407,15.2255,6.9885,11.3012,13.0295,-0.3425,20.911,118000,0.1186,0,0.13029493481513144,0.33784996794186795,0.069885,0.152255,0.3170335541782432,0.7841507929044667,0.4109815289200485,0.7930508474576271
2014,MSFT,IT,382.88,86833.0,59755.0,22074.0,2.63,32971.0,89784.0,32502.0,-18833.0,-8665.0,2.504,0.2522,24.5857,12.8051,19.9893,25.4212,0.3152,35.2192,128000,1.6222,0,0.2542121082998399,0.37970587219144797,0.128051,0.245857,0.374304699826103,0.9372589683645619,0.6791582056488832,0.6783828125
2013,MSFT,IT,312.3,77849.0,57464.0,21863.0,2.58,30519.0,78944.0,28833.0,-23811.0,-8148.0,2.7118,0.1976,27.6943,15.3499,23.8822,28.0839,-0.5456,35.7204,118000,1.4648,0,0.2808385464167812,0.39202815707330857,0.153499,0.276943,0.37037084612519106,1.0043716605222932,0.7582631013075296,0.6597372881355932
2012,MSFT,IT,224.8,73723.0,56193.0,16978.0,2.0,30923.0,66363.0,31626.0,-24786.0,-9408.0,2.6029,0.18,25.5835,14.0001,22.0276,23.0295,0.5798,34.1328,128000,2.0693,0,0.23029448069123612,0.41944847605224966,0.140001,0.25583500000000003,0.42898417047597087,1.1166028973319047,0.5368367798646683,0.5759609375
2011,MSFT,IT,218.38,69943.0,54366.0,23150.0,2.69,29927.0,57083.0,26994.0,-14616.0,-8376.0,2.6037,0.2088,40.555,21.2964,33.5488,33.0984,0.3921,52.9046,99000,3.1568,0,0.3309838010951775,0.4278769855453727,0.212964,0.40555,0.38594283916903765,1.0048793703444232,0.857597984737349,0.7064949494949495
2010,MSFT,IT,238.78,62484.0,50089.0,18760.0,2.1,26771.0,46175.0,24073.0,-11314.0,-13291.0,2.1293,0.1286,40.628,21.7853,36.7023,30.0237,0.7057,57.5054,94000,1.64,0,0.3002368606363229,0.4284456820946162,0.217853,0.40628,0.3852666282568338,0.8203482315472762,0.7792963070660076,0.6647234042553192
2009,MSFT,IT,270.64,58437.0,46282.0,14569.0,1.62,22925.0,39558.0,19037.0,-15770.0,-7463.0,1.8229,0.1453,36.8295,18.7051,33.6435,24.9311,1.7695,57.5941,90000,-0.3555,0,0.24931122405325393,0.3923028218423259,0.18705100000000002,0.36829500000000004,0.325769632253538,0.5938454626349744,0.7652991542785103,0.6493
2022,GOOG,IT,1144.35,282836.0,156633.0,59972.0,4.56,90770.0,256144.0,91495.0,-20298.0,-69757.0,2.378,0.0574,23.4134,16.4188,22.1426,21.2038,-0.3613,26.6424,190234,8.0028,0,0.2120380715326196,0.32092802896378114,0.164188,0.23413399999999998,0.3234913518788273,0.7692624347678514,0.6554675118858954,1.4867794400580339
2021,GOOG,IT,1910.26,257637.0,146698.0,76033.0,5.61,91155.0,251635.0,91652.0,-35523.0,-61362.0,2.9281,0.0589,30.2156,21.1633,28.5354,29.5117,1.7123,33.4561,156500,4.6979,0,0.2951167728237792,0.3538117584042665,0.211633,0.302156,0.35574082915109245,1.041644721837314,0.8295836424737049,1.6462428115015975
2020,GOOG,IT,1179.4,182527.0,97795.0,40269.0,2.93,54921.0,222544.0,65124.0,-32773.0,-24408.0,3.0668,0.0626,18.0949,12.5992,17.0288,22.0619,0.843,20.1422,135301,1.2336,0,0.22061941520980458,0.3008924707029645,0.125992,0.180949,0.35679105009121936,1.0942067924197516,0.6183434678459554,1.3490439834147567
2019,GOOG,IT,917.82,161857.0,89961.0,34343.0,2.458,46012.0,201442.0,54520.0,-29491.0,-23209.0,3.3741,0.0226,17.0486,12.4472,16.6717,21.2181,0.5566,19.2033,118899,1.8122,0,0.2121811228430034,0.28427562601555695,0.124472,0.170486,0.33684054443119543,1.1365336809652964,0.6299156272927366,1.3612982447287194
2018,GOOG,IT,719.63,136819.0,77270.0,30736.0,2.185,36559.0,177628.0,47971.0,-28504.0,-13179.0,3.919,0.0226,17.3036,13.2032,16.9214,22.4647,-0.0705,19.5124,98771,2.4426,0,0.22464716157843576,0.26720703995790057,0.132032,0.173036,0.3506165079411485,1.374066094621361,0.6407204352629714,1.3852142835447652
2017,GOOG,IT,726.47,110855.0,65272.0,12662.0,0.9,33093.0,152502.0,37091.0,-31401.0,-8298.0,5.1403,0.026,8.3028,6.4178,8.0922,11.4221,-0.151,9.5158,80110,2.1301,0,0.11422128005051645,0.2985251003563213,0.064178,0.08302799999999999,0.3345902304812593,1.7198941617428172,0.34137661427300425,1.3837847959056297
2016,GOOG,IT,530.84,90272.0,55134.0,19478.0,1.3925,29860.0,139036.0,36036.0,-31165.0,-8332.0,6.2908,0.0283,14.0093,11.6289,13.6237,21.577,0.6249,16.3323,72053,1.2616,0,0.2157701169797944,0.3307780928748671,0.116289,0.140093,0.39919354838709675,2.5112467741935482,0.5405150405150405,1.2528555368964511
2015,GOOG,IT,521.67,74989.0,46825.0,15826.0,1.142,24423.0,120331.0,26572.0,-23711.0,-4225.0,4.6667,0.0434,13.5859,11.0863,13.3643,21.1044,0.3054,16.2481,61814,0.1186,0,0.21104428649535265,0.3256877675392391,0.11086299999999999,0.135859,0.35434530397791675,1.653623230073744,0.5955893421646846,1.2131394182547643
2014,GOOG,IT,354.75,66001.0,40310.0,14136.0,1.0285,21475.0,103860.0,23024.0,-21055.0,-2087.0,4.6878,0.0504,13.1138,10.5429,12.7185,21.4179,0.0463,16.2814,53600,1.6222,0,0.21417857305192345,0.3253738579718489,0.105429,0.131138,0.3488431993454645,1.6353071498916685,0.6139680333564975,1.2313619402985074
2013,GOOG,IT,371.53,55519.0,33526.0,12733.0,0.9395,19342.0,87309.0,18659.0,-13679.0,-857.0,4.5817,0.0601,15.0729,11.8644,14.6965,22.9345,-0.2373,18.8671,47756,1.4648,0,0.22934490895008916,0.348385237486266,0.118644,0.150729,0.3360831427079018,1.5398321349447934,0.6824052735945121,1.162555490409582
2012,GOOG,IT,230.54,46039.0,28863.0,10737.0,0.808,16796.0,71715.0,16619.0,-13056.0,1229.0,4.2166,0.0772,16.1096,12.3169,15.4652,23.3215,0.1539,21.512,53861,2.0693,0,0.2332153174482504,0.3648211299115967,0.123169,0.16109600000000002,0.36097656334846545,1.5220937770151393,0.6460677537757988,0.8547743265071202
2011,GOOG,IT,207.65,37905.0,24717.0,9737.0,0.744,13593.0,58145.0,14565.0,-19041.0,807.0,5.9192,0.0723,16.7461,13.4167,15.9281,25.6879,0.3039,19.7822,32467,3.1568,0,0.25687903970452447,0.3586070439256035,0.134167,0.16746099999999997,0.3842500989315394,2.274453185595568,0.6685204256779952,1.1674931468876089
2010,GOOG,IT,188.54,29321.0,18904.0,8505.0,0.6578,11777.0,46241.0,11081.0,-10680.0,3050.0,4.1579,0.0749,18.3928,14.7016,18.3928,29.0065,-0.1195,21.8407,24400,1.64,0,0.29006514102520375,0.4016575150915726,0.14701599999999998,0.183928,0.37792026192831074,1.5713546570717232,0.7675300063171194,1.2016803278688524
2009,GOOG,IT,195.27,23651.0,14807.0,6520.0,0.5103,9836.0,36004.0,9316.0,-8019.0,233.0,10.6178,0.0,18.1091,16.1,18.1091,27.5675,0.6657,21.4997,19835,-0.3555,0,0.2756754471269714,0.41588093526700776,0.161,0.181091,0.3938945499133229,4.18229355206968,0.699871189351653,1.1923871943534157
2022,PYPL,FinTech,81.19,27518.0,11653.0,2419.0,2.09,5154.0,20274.0,5813.0,-3421.0,-1110.0,1.2753,0.5138,11.9315,3.073,7.8818,8.7906,0.288,29.2256,29900,8.0028,0,0.08790609782687696,0.18729558834217602,0.03073,0.119315,0.21124354967657533,0.26939889890253654,0.4161362463444005,0.9203344481605351
2021,PYPL,FinTech,221.57,25371.0,11921.0,4169.0,3.52,5527.0,21727.0,5797.0,-5149.0,-557.0,1.2218,0.3705,19.1881,5.4998,14.0012,16.4322,-0.4843,46.6279,30900,4.6979,0,0.1643214693941902,0.21784714831894683,0.054998,0.191881,0.22848921997556265,0.27916812896614246,0.7191650853889943,0.8210679611650485
2020,PYPL,FinTech,274.41,21454.0,10001.0,4202.0,3.54,4478.0,20063.0,6219.0,-16545.0,12454.0,1.3264,0.4455,20.944,5.9705,14.4887,19.5861,1.7623,42.5304,26500,1.2336,0,0.19586091171809453,0.20872564556726017,0.059705,0.20944,0.28987601379696093,0.38449154470028896,0.6756713297957871,0.8095849056603773
2019,PYPL,FinTech,127.01,17772.0,7987.0,2459.0,2.07,3631.0,16929.0,4071.0,-5742.0,4187.0,1.43,0.2933,14.5254,4.7903,11.2314,13.8364,-1.0251,24.7409,23200,1.8122,0,0.13836371820841772,0.2043101507990097,0.047903,0.145254,0.22906819716407834,0.327567521944632,0.6040284942274625,0.7660344827586207
2018,PYPL,FinTech,99.09,15451.0,7189.0,2057.0,1.71,2970.0,15386.0,5480.0,821.0,-1240.0,1.2725,0.1299,13.3693,4.7471,13.3693,13.3131,2.347,24.852,21800,2.4426,0,0.13313054171251051,0.19222056824800984,0.047471,0.133693,0.3546696006730956,0.4513170668565141,0.3753649635036496,0.7087614678899082
2017,PYPL,FinTech,88.48,13094.0,6399.0,1795.0,1.47,2932.0,15994.0,2531.0,-4485.0,4084.0,1.4279,0.0625,11.223,4.4023,11.223,13.7086,-0.5169,15.6264,18700,2.1301,0,0.1370856881014205,0.22391935237513366,0.04402300000000001,0.11223000000000001,0.19329463876584696,0.27600541469375284,0.7092058474911103,0.7002139037433155
2016,PYPL,FinTech,47.63,10842.0,5141.0,1401.0,1.15,2310.0,14712.0,3158.0,-5904.0,2038.0,1.5246,0.0,9.5228,4.2322,9.5228,12.922,0.5382,13.417,18100,1.2616,0,0.1292197011621472,0.21306032097399003,0.042322,0.09522800000000001,0.2912746725696366,0.4440773657996679,0.44363521215959467,0.5990055248618784
2015,PYPL,FinTech,44.23,9248.0,4719.0,1228.0,1.0,2069.0,13759.0,2546.0,-8038.0,4728.0,1.5163,0.0,8.9251,4.2519,8.9251,13.2786,0.0935,13.159,16800,0.1186,0,0.1327854671280277,0.22372404844290658,0.042519,0.08925100000000001,0.27530276816608995,0.4174415873702422,0.48232521602513745,0.5504761904761905
2014,PYPL,FinTech,113.14,8025.0,4218.0,419.0,0.34,1784.0,8248.0,2220.0,-2881.0,1284.0,1.3224,0.1325,5.08,1.9118,5.08,5.2212,0.103,8.5458,15800,1.6222,0,0.052211838006230527,0.22230529595015577,0.019118,0.0508,0.2766355140186916,0.36582280373831777,0.18873873873873873,0.5079113924050633
2022,AIG,Bank,46.99,56437.0,20762.0,10247.0,13.01,20640.0,42235.0,4207.0,-3626.0,-676.0,1.0,0.6435,27.0084,2.1411,16.2446,18.1565,-1.9207,26.6982,26200,8.0028,0,0.1815652851852508,0.3657175257366621,0.021411,0.270084,0.07454329606463844,0.07454329606463844,2.435702400760637,2.154083969465649
2021,AIG,Bank,47.21,52057.0,15322.0,9359.0,10.82,15382.0,68912.0,6279.0,-3280.0,-3735.0,1.0,0.4377,14.5016,1.6646,10.0157,17.9784,6.0658,14.3995,36600,4.6979,0,0.1797836986380314,0.2954837966075648,0.016646,0.145016,0.12061778435176826,0.12061778435176826,1.4905239687848384,1.4223224043715847
2020,AIG,Bank,32.62,43736.0,6912.0,-5973.0,-6.88,6821.0,67199.0,1038.0,-6202.0,5058.0,1.0,0.5586,-8.7433,-0.9946,-5.5694,-13.6569,3.2256,-8.6802,45000,1.2336,1,-0.13656941649899396,0.15595847814157673,-0.009946,-0.087433,0.02373330894457655,0.02373330894457655,-5.754335260115607,0.9719111111111111
2019,AIG,Bank,44.65,49746.0,11975.0,3326.0,3.74,11817.0,67427.0,-1807.0,-5475.0,7258.0,1.0,0.5243,6.1561,0.7849,4.0097,6.686,-1.5986,6.1118,46000,1.8122,0,0.06685964700679452,0.23754673742612473,0.007849,0.061561000000000005,-0.036324528605315,-0.036324528605315,-1.8406198118428334,1.0814347826086956
2018,AIG,Bank,34.86,47389.0,6921.0,-6.0,-0.01,6897.0,57309.0,-394.0,-223.0,1249.0,1.0,0.6027,0.1797,0.0209,0.1121,-0.0127,7.9685,0.1797,49600,2.4426,1,-0.00012661166093397202,0.14554010424360084,0.00020899999999999998,0.001797,-0.008314165734664163,-0.008314165734664163,0.015228426395939087,0.9554233870967742
2017,AIG,Bank,53.56,49520.0,6849.0,-6084.0,-6.54,6435.0,65708.0,-7818.0,14041.0,-5697.0,1.0,0.4815,-9.2226,-1.2161,-6.2251,-12.2859,-11.611,-9.2226,49800,2.1301,1,-0.122859450726979,0.1299474959612278,-0.012161,-0.092226,-0.157875605815832,-0.157875605815832,0.7782041442824251,0.9943775100401606
2016,AIG,Bank,67.08,52367.0,5236.0,-849.0,-0.78,4805.0,76858.0,3502.0,3252.0,-6833.0,1.0,0.4022,-0.337,-0.052,-0.2403,-1.6213,1.0537,-0.337,56400,1.2616,1,-0.016212500238699943,0.09175625871254797,-0.00052,-0.00337,0.06687417648519106,0.06687417648519106,-0.24243289548829242,0.9284929078014185
2015,AIG,Bank,76.66,58327.0,10565.0,2196.0,1.65,9958.0,90210.0,2877.0,8462.0,-11429.0,1.0,0.3242,2.4631,0.4472,1.8601,3.765,-1.303,2.4631,66400,0.1186,0,0.03764980197850052,0.17072710751453016,0.004472,0.024631,0.04932535532429235,0.04932535532429235,0.7632950990615224,0.8784186746987952
2014,AIG,Bank,78.41,64406.0,19219.0,7529.0,5.2,16752.0,107272.0,5007.0,14284.0,-19788.0,1.0,0.291,7.0606,1.469,5.469,11.6899,-0.5007,7.0606,65000,1.6222,0,0.11689904667267025,0.2600999906840978,0.014690000000000002,0.070606,0.07774120423563022,0.07774120423563022,1.5036948272418613,0.9908615384615385
2013,AIG,Bank,75.16,68874.0,21915.0,9085.0,6.13,16922.0,101081.0,5865.0,7099.0,-11758.0,1.0,0.4125,8.9117,1.6641,6.3093,13.1908,1.7809,8.9117,64000,1.4648,0,0.1319075413073148,0.24569503731451636,0.016641,0.089117,0.08515550135029183,0.08515550135029183,1.5490196078431373,1.07615625
2012,AIG,Bank,52.11,71214.0,21825.0,3438.0,2.04,19327.0,98669.0,3676.0,16612.0,-20564.0,1.0,0.4915,3.7489,0.6742,2.5134,4.8277,2.2237,3.7489,63000,2.0693,0,0.04827702418063864,0.27139326536916897,0.006742000000000001,0.037489,0.05161906366725644,0.05161906366725644,0.9352557127312296,1.1303809523809525
2011,AIG,Bank,44.06,65105.0,18692.0,19810.0,11.01,15225.0,102393.0,-81.0,36448.0,-36926.0,1.0,0.7349,18.4222,3.4107,10.6183,30.4278,-121.5022,18.4222,57000,3.1568,0,0.30427770524537284,0.23385300668151449,0.034107,0.184222,-0.0012441440749558406,-0.0012441440749558406,-244.5679012345679,1.1421929824561403
2010,AIG,Bank,7.79,72829.0,16787.0,2046.0,14.98,21166.0,113239.0,16597.0,-9912.0,-9261.0,1.0,0.7548,32.1262,1.9393,6.6699,2.8093,-15.8715,11.7045,63000,1.64,0,0.028093204630023755,0.2906259869008225,0.019393,0.321262,0.2278899888780568,0.2278899888780568,0.12327529071518949,1.156015873015873
2009,AIG,Bank,4.04,75447.0,18614.0,-12244.0,-90.48,27765.0,98076.0,18584.0,5778.0,-28997.0,1.0,1.1552,-45.3061,-1.5123,-6.0641,-16.2286,137.3287,-13.9507,96000,-0.3555,1,-0.16228610812888516,0.3680066801860909,-0.015123,-0.453061,0.2463186077643909,0.2463186077643909,-0.6588463194145502,0.78590625
2022,PCG,Manufacturing,41.28,21680.0,16824.0,1800.0,0.84,5693.0,23075.0,3721.0,-10214.0,7133.0,0.8117,2.2563,7.8613,1.5289,2.5615,8.3026,-0.016,7.8613,26010,8.0028,0,0.08302583025830258,0.2625922509225092,0.015288999999999999,0.078613,0.17163284132841328,0.13931437730627305,0.48374092985756517,0.8335255670895809
2021,PCG,Manufacturing,32.2,20642.0,16261.0,-102.0,-0.05,5286.0,21223.0,2262.0,-6905.0,4323.0,0.6356,2.1152,-0.4146,-0.0852,-0.148,-0.4941,18.6025,-0.4146,26000,4.6979,1,-0.0049413816490650134,0.2560798372250751,-0.000852,-0.004146,0.10958240480573588,0.06965057649452573,-0.04509283819628647,0.793923076923077
2020,PCG,Manufacturing,24.1,18469.0,14571.0,-1318.0,-1.05,5223.0,21253.0,-19130.0,-7748.0,25928.0,0.707,1.9227,-6.1356,-1.3326,-2.2275,-7.1363,-18.5013,-6.1356,24000,1.2336,1,-0.07136282419188911,0.2827982023931994,-0.013326,-0.061356,-1.0357897016622448,-0.7323033190752071,0.06889702038682698,0.7695416666666667
2019,PCG,Manufacturing,24.73,17129.0,13300.0,-7656.0,-14.5,-6860.0,5388.0,4816.0,-6378.0,1464.0,1.3321,0.0,-141.8337,-8.9699,-141.8337,-44.6961,0.5729,-141.8337,23000,1.8122,1,-0.44696129371241755,-0.4004903964037597,-0.08969900000000001,-1.418337,0.2811606048222313,0.37453404168369436,-1.589700996677741,0.7447391304347826
2018,PCG,Manufacturing,5.75,16759.0,12260.0,-6851.0,-13.25,-6664.0,12903.0,4752.0,-6564.0,3031.0,0.2205,1.7046,-52.9877,-8.8798,-52.9877,-40.8795,-4.0631,-52.9877,24000,2.4426,1,-0.40879527418103706,-0.39763709051852736,-0.08879799999999999,-0.5298769999999999,0.283549137776717,0.0625225848797661,-1.441708754208754,0.6982916666666666
2017,PCG,Manufacturing,12.32,17135.0,12080.0,1646.0,3.21,5759.0,19472.0,5977.0,-5650.0,-55.0,0.881,0.9824,8.5251,2.4407,4.4594,9.6061,3.2498,8.5251,23000,2.1301,0,0.09606069448497227,0.33609571053399473,0.024407,0.08525100000000001,0.3488182083454917,0.3073088415523782,0.27538899113267523,0.745
2016,PCG,Manufacturing,23.06,17666.0,12286.0,1393.0,2.78,4835.0,18192.0,4409.0,-5753.0,1171.0,0.8149,1.0134,7.7342,2.0511,4.0887,7.8852,0.2656,7.7342,24000,1.2616,0,0.07885203215215668,0.27368957319144116,0.020510999999999998,0.07734200000000001,0.24957545567757275,0.20337903883165404,0.3159446586527557,0.7360833333333333
2015,PCG,Manufacturing,30.73,16833.0,11071.0,874.0,1.79,4120.0,16828.0,3780.0,-5211.0,1403.0,0.9136,1.0164,5.2769,1.4043,2.7112,5.1922,-0.4285,5.2769,23000,0.1186,0,0.05192182023406404,0.24475732192716687,0.014043000000000002,0.052769,0.22455890215647833,0.2051570130101586,0.2312169312169312,0.7318695652173913
2014,PCG,Manufacturing,26.09,17090.0,10521.0,1436.0,3.06,4883.0,16000.0,3690.0,-4714.0,879.0,1.0792,0.9802,9.0625,2.4116,4.6699,8.4026,1.5681,9.0625,22581,1.6222,0,0.08402574605032183,0.28572264482153303,0.024116,0.090625,0.21591574019894674,0.23301626682270332,0.389159891598916,0.7568309640848501
2013,PCG,Manufacturing,25.29,15598.0,9614.0,814.0,1.83,3839.0,14594.0,3427.0,-5107.0,1575.0,0.7977,1.0127,5.6736,1.4891,3.0317,5.2186,-4.6071,5.6736,21166,1.4648,0,0.05218617771509168,0.2461212976022567,0.014891000000000001,0.056736,0.21970765482754198,0.17526079625593022,0.23752553253574554,0.736936596428234
2012,PCG,Manufacturing,18.1,15040.0,10017.0,816.0,1.92,3965.0,13326.0,4882.0,-4526.0,-468.0,0.8186,1.0062,6.2284,1.5825,3.2117,5.4255,1.3509,6.2284,20593,2.0693,0,0.05425531914893617,0.26363031914893614,0.015825,0.062284,0.3246010638297872,0.2657184308510638,0.1671446128635805,0.7303452629534308
2011,PCG,Manufacturing,17.14,14956.0,9623.0,844.0,2.1,4157.0,12353.0,3739.0,-3986.0,469.0,0.8362,1.1241,6.9457,1.7246,3.5574,5.6432,0.7766,6.9457,19274,3.1568,0,0.056432201123295,0.2779486493714897,0.017245999999999997,0.069457,0.25,0.20905,0.22572880449318,0.7759676247794957
2010,PCG,Manufacturing,16.73,13841.0,8652.0,1099.0,2.82,4213.0,11534.0,3206.0,-3857.0,415.0,0.7713,1.1613,9.6497,2.4183,4.8681,7.9402,0.8604,9.6497,19424,1.64,0,0.07940177732822773,0.30438552127736435,0.024183,0.096497,0.23163066252438408,0.17865673000505744,0.34279475982532753,0.7125720757825371
2009,PCG,Manufacturing,18.76,13399.0,8397.0,1220.0,3.2,4051.0,10585.0,3039.0,-3336.0,605.0,0.8303,1.2063,11.658,2.8734,5.6624,9.1052,-2.3808,11.658,19425,-0.3555,0,0.09105157101276215,0.30233599522352417,0.028734000000000003,0.11657999999999999,0.22680797074408537,0.1883186581088141,0.4014478446857519,0.6897812097812098
2018,SHLDQ,Finance,0.04,16702.0,3527.0,-383.0,-3.57,-52.0,-3723.0,-1842.0,1894.0,-2.0,0.7756,-1.1099,10.2874,-5.274,25.9837,-2.2931,3.0663,7.4225,89900,2.4426,1,-0.022931385462818824,-0.0031133995928631303,-0.05274,0.102874,-0.11028619327026704,-0.08553797150041911,0.20792616720955484,0.18578420467185763
2017,SHLDQ,Finance,0.37,22138.0,4686.0,-2221.0,-20.78,-1610.0,-3824.0,-1381.0,244.0,1185.0,1.0673,-1.0887,58.0805,-23.7236,884.8605,-10.0325,-13.9382,39.5618,140000,2.1301,1,-0.10032523263167405,-0.07272563013822386,-0.237236,0.580805,-0.06238142560303551,-0.0665796955461198,1.608254887762491,0.15812857142857142
2016,SHLDQ,Finance,1.11,25146.0,5810.0,-1129.0,-10.59,-570.0,-1956.0,-2167.0,2519.0,-364.0,1.1116,-1.5215,57.6687,-9.9497,-742.1052,-4.4898,14.9014,27.2859,178000,1.2616,1,-0.044897796866300806,-0.022667621092817943,-0.099497,0.5766870000000001,-0.08617672790901137,-0.09579405074365703,0.5209967697277342,0.14126966292134832
2015,SHLDQ,Finance,2.19,31198.0,7149.0,-1682.0,-15.82,-889.0,-945.0,-1387.0,327.0,285.0,1.0479,-3.9958,191.5344,-13.7277,-84.5005,-5.3914,-7.424,54.6663,196000,0.1186,1,-0.05391371241746266,-0.028495416372844414,-0.137277,1.9153440000000002,-0.044457978075517664,-0.04658751522533496,1.2126892573900505,0.1591734693877551
2014,SHLDQ,Finance,3.51,36188.0,8755.0,-1365.0,-12.87,-195.0,2183.0,-1109.0,664.0,902.0,1.0946,1.9464,-51.1223,-6.1114,-22.2444,-3.772,-2.7683,106.6922,226000,1.6222,1,-0.03771968608378468,-0.005388526583397811,-0.061113999999999995,-0.511223,-0.0306455178512214,-0.03354458383994694,1.2308385933273218,0.16012389380530972
2013,SHLDQ,Finance,4.9,39854.0,10514.0,-930.0,-8.78,-8.0,3172.0,-303.0,191.0,-27.0,1.1011,0.9836,-33.2283,-5.4498,-20.6061,-2.3335,4.5387,1197.727,246000,1.4648,1,-0.023335173382847393,-0.00020073267426105285,-0.054498,-0.332283,-0.007602750037637377,-0.008371388066442515,3.0693069306930694,0.1620081300813008
2012,SHLDQ,Finance,4.47,41567.0,10601.0,-3140.0,-29.4,-648.0,4341.0,-275.0,-309.0,-28.0,1.112,0.8047,-71.8728,-14.5924,-48.5301,-7.5541,-3.5464,-554.1741,264000,2.0693,1,-0.07554069333846561,-0.01558928958067698,-0.145924,-0.718728,-0.006615825053528039,-0.007356797459523181,11.418181818181818,0.15745075757575758
2011,SHLDQ,Finance,3.39,42664.0,11664.0,133.0,1.19,1306.0,8614.0,123.0,-406.0,-95.0,1.3375,0.3707,1.6137,0.5706,1.2685,0.3117,-12.4078,3.2868,280000,3.1568,0,0.003117382336396025,0.030611288205512843,0.005706,0.016137,0.0028829926870429404,0.0038560027189199326,1.08130081300813,0.15237142857142857
2010,SHLDQ,Finance,8.22,43360.0,11986.0,235.0,1.99,1561.0,9435.0,1507.0,-172.0,-951.0,1.3018,0.2655,2.9677,1.1287,2.515,0.542,5.4337,5.7911,290000,1.64,0,0.0054197416974169745,0.03600092250922509,0.011287,0.029677,0.034755535055350555,0.04524475553505535,0.15593895155938953,0.14951724137931036
2009,SHLDQ,Finance,8.98,46770.0,12652.0,53.0,0.42,1283.0,9699.0,992.0,-637.0,-643.0,1.3412,0.301,1.0207,0.3907,0.8368,0.1133,4.5748,1.9705,291000,-0.3555,0,0.0011332050459696387,0.027432114603378233,0.003907,0.010206999999999999,0.021210177464186443,0.028447090014966855,0.05342741935483871,0.16072164948453607
2022,MCD,FOOD,186.39,23182.6,13207.2,6177.4,8.33,11241.6,-6003.4,7386.7,-2678.1,-6580.2,1.4266,-5.9805,-102.8983,12.2481,20.6601,26.6467,-2.1323,-69.3794,150000,8.0028,0,0.2664670916980839,0.48491541069595306,0.122481,-1.028983,0.3186312147904032,0.4545592910199892,0.836286839860831,0.15455066666666667
2021,MCD,FOOD,193.02,23222.9,12580.2,7545.2,10.04,12224.1,-4601.0,9141.5,-2165.7,-5595.6,1.7782,-7.7424,-163.9903,14.0104,24.3223,32.4903,3.3857,-102.19,200000,4.6979,0,0.32490343583273407,0.5263812874361083,0.140104,-1.6399029999999999,0.3936416209861817,0.6999735304376283,0.8253787671607504,0.11611450000000001
2020,MCD,FOOD,200.31,19207.8,9752.101,4730.5,6.31,9075.4,-7824.9,6265.2,-1545.8,-2249.0,1.01,-4.7848,-60.4545,8.9888,17.2823,24.628,-1.4852,-44.6358,200000,1.2336,0,0.24628015701954414,0.4724851362467331,0.089888,-0.604545,0.32617998937931464,0.3294417892731078,0.755043733639788,0.096039
2019,MCD,FOOD,159.89,21364.4,11179.4,6025.4,7.88,10687.7,-8210.3,8122.1,-3071.1,-4994.8,0.9826,-4.1627,-73.3883,12.6822,23.2571,28.203,2.1046,-55.3414,205000,1.8122,0,0.28202991893055734,0.5002574376064856,0.126822,-0.7338830000000001,0.38016981520660537,0.37355486042201047,0.7418524765762549,0.10421658536585367
2018,MCD,FOOD,148.82,21257.9,10832.6,5924.3,7.54,10304.6,-6258.4,6966.7,-2455.1,-5949.6,1.3631,-4.9654,-94.6616,18.0557,23.872,27.8687,0.8436,-68.9682,210000,2.4426,0,0.2786869822513042,0.48474214292098466,0.18055700000000002,-0.9466160000000001,0.3277228700859445,0.44671904421415093,0.8503739216558773,0.10122809523809524
2017,MCD,FOOD,136.89,22820.4,10620.8,5192.3,6.37,10916.1,-3268.0,5551.2,562.0,-5310.8,1.8429,-9.0381,-158.8832,15.3602,19.7663,22.7529,-0.2793,-91.9365,235000,2.1301,0,0.2275288776708559,0.4783483199242783,0.15360200000000002,-1.5888319999999998,0.24325603407477517,0.44829654519640316,0.9353473122928376,0.09710808510638298
2016,MCD,FOOD,137.21,24621.9,10204.7,4686.5,5.44,9261.002,-2204.3,6059.6,-981.6,-11262.4,1.398,-11.775,-212.6069,15.1061,19.7958,19.0339,-0.21,-103.2087,375000,1.2616,0,0.1903386822300472,0.37612864969803306,0.151061,-2.1260689999999998,0.2461061087893298,0.34405634008748304,0.7734008845468348,0.0656584
2015,MCD,FOOD,101.08,25413.0,9789.2,4529.3,4.8,8701.2,7087.9,6539.1,-1420.0,735.3,3.2684,3.4033,63.9019,11.9385,14.5123,17.8228,0.9354,99.0748,420000,0.1186,0,0.17822767874709794,0.3423916892928816,0.11938499999999999,0.639019,0.25731318616456145,0.8410024176602526,0.6926488354666545,0.06050714285714286
2014,MCD,FOOD,108.48,27441.3,10455.7,4757.8,4.82,9593.701,12853.4,6730.3,-2304.9,-4618.3,1.5232,1.162,37.0159,13.9006,17.1211,17.3381,0.0221,47.0227,420000,1.6222,0,0.1733809987136178,0.3496081089452759,0.13900600000000002,0.370159,0.2452617040737866,0.3735826276451918,0.7069224254490885,0.06533642857142857
2013,MCD,FOOD,91.19,28105.7,10902.7,5585.9,5.55,10349.4,16009.7,7120.7,-2673.8,-4043.0,1.5931,0.8826,34.8907,15.2511,18.5335,19.8746,0.4311,42.5204,440000,1.4648,0,0.19874616181059357,0.3682313552055277,0.15251099999999998,0.348907,0.25335430179643276,0.40361873819189703,0.7844593930372014,0.06387659090909091
2012,MCD,FOOD,96.55,27567.0,10816.3,5464.8,5.36,10093.1,15293.6,6966.1,-3167.3,-3849.8,1.4464,0.8914,35.7326,15.4432,18.8923,19.8237,-0.3911,43.7548,440000,2.0693,0,0.1982370225269344,0.36612979286828456,0.15443199999999999,0.357326,0.25269706533173725,0.3655010352958247,0.784484862405076,0.06265227272727272
2011,MCD,FOOD,88.56,27006.0,10686.6,5503.1,5.27,9944.701,14390.2,7150.1,-2570.9,-4533.0,1.2547,0.8687,38.242,16.6812,20.7476,20.3773,0.3369,46.8868,420000,3.1568,0,0.20377323557727914,0.3682404280530252,0.16681200000000002,0.38242,0.2647596830334,0.3321939743020069,0.7696535712787234,0.0643
2010,MCD,FOOD,102.66,24074.6,9637.3,4946.3,4.58,8749.3,14634.2,6341.6,-2056.0,-3728.7,1.4937,0.7862,33.7996,15.4692,18.9287,20.5457,0.463,41.0546,400000,1.64,0,0.20545720385800806,0.36342452211044,0.154692,0.33799599999999996,0.26341455309745543,0.3934623179616692,0.7799766620411253,0.0601865
2009,MCD,FOOD,81.1,22744.7,8791.8,4551.0,4.11,8057.2,14033.9,5751.0,-1655.3,-4421.0,1.1431,0.7538,32.4286,15.0571,18.5044,20.0091,3.4305,39.2034,385000,-0.3555,0,0.20009057055050186,0.35424516480762547,0.150571,0.324286,0.2528501145321767,0.2890329659217312,0.7913406364110589,0.059077142857142856
2022,BCS,BANK,32.53,30868.08,30868.08,6212.949,1.4744,1.0,85667.7,37392.72,-26807.33,860.8824,1.0,7.1602,8.624,0.3946,1.284,21.162,-6.5477,9.7884,87400,8.0028,0,0.20127422891219665,3.239592485182104e-05,0.003946,0.08624000000000001,1.2113717471251857,1.2113717471251857,0.1661539732867788,0.3531816933638444
2021,BCS,BANK,43.6,30169.69,30169.69,8766.263,2.0131,1.0,96547.15,67268.52,5871.677,147.1357,1.0,6.3396,10.2918,0.522,1.6696,28.2167,-1.4283,11.6267,81600,4.6979,0,0.2905652328545637,3.314584936073258e-05,0.00522,0.10291800000000001,2.2296722306394265,2.2296722306394265,0.1303174649895672,0.36972659313725487
2020,BCS,BANK,34.66,27947.54,27947.54,1959.384,0.4416,1.0,85876.48,73836.42,-23594.78,3507.888,1.0,6.0327,3.6796,0.1824,0.602,9.0147,20.4341,4.1759,83000,1.2336,0,0.07010935488418658,3.578132458169842e-05,0.001824,0.036796,2.6419649099706093,2.6419649099706093,0.026536822884966525,0.33671734939759035
2019,BCS,BANK,40.78,27621.9,27621.9,4180.571,0.72,1.0,83841.26,-15699.49,-16377.52,881.061,1.0,5.3348,5.1081,0.2942,0.9201,16.6024,-6.2895,5.8289,80800,1.8122,0,0.151349870935743,3.620315763940931e-05,0.002942,0.051081,-0.5683711113283301,-0.5683711113283301,-0.26628705773244865,0.341855198019802
2018,BCS,BANK,31.68,28212.33,28212.33,1860.711,0.4912,1.0,85132.21,11351.14,903.6596,-9059.288,1.0,5.8975,3.7191,0.2093,0.6186,7.0877,-15.5712,4.2504,83500,2.4426,0,0.0659538223181141,3.544549493076254e-05,0.0020930000000000002,0.037191,0.40234677532837587,0.40234677532837587,0.16392283065841845,0.3378722155688623
2017,BCS,BANK,45.79,27162.75,27162.75,-2477.073,-0.573,1.0,85081.42,78244.34,4513.377,1238.537,1.0,5.2797,1.9707,0.1148,0.3862,-10.2561,14.5974,2.2367,79900,2.1301,1,-0.09119374879200375,3.681512365279657e-05,0.001148,0.019707,2.8805750522314564,2.8805750522314564,-0.03165817489162794,0.339959324155194
2016,BCS,BANK,46.21,29072.54,29072.54,2373.13,0.5584,1.0,96720.98,15295.92,49749.0,-1784.93,1.0,3.5002,3.1346,0.1844,0.8387,9.1781,-2.4382,3.5151,119300,1.2616,0,0.08162788665868204,3.439671937849255e-05,0.0018440000000000002,0.031346,0.5261294678758719,0.5261294678758719,0.155147908723372,0.24369270746018443
2015,BCS,BANK,53.45,38919.16,38919.16,-495.396,-0.1162,1.0,100706.1,24659.71,-12895.59,-674.289,1.0,3.6646,0.9459,0.0556,0.251,-1.3882,9.9996,1.0808,129400,0.1186,1,-0.01272884615186967,2.569428528262172e-05,0.000556,0.009459,0.6336136237267196,0.6336136237267196,-0.02008928734360623,0.30076630602782073
2014,BCS,BANK,60.47,41677.15,41677.15,-197.7716,-0.046,1.0,108705.4,-17207.81,17560.51,-5039.89,1.0,5.0612,1.2811,0.0622,0.3671,-0.519,6.6557,1.4625,132300,1.6222,1,-0.004745324476361747,2.399396311887929e-05,0.0006219999999999999,0.012811,-0.41288355849668223,-0.41288355849668223,0.011493130154272972,0.31502003023431596
2013,BCS,BANK,55.49,43712.69,43712.69,846.5568,0.232,1.0,100067.4,-39392.27,-35434.89,9247.968,1.0,6.6208,2.0282,0.0988,0.547,2.1758,-3.8585,2.3052,139600,1.4648,0,0.01936638536772731,2.287665206602476e-05,0.000988,0.020282,-0.9011632548809052,-0.9011632548809052,-0.021490429467507205,0.3131281518624642
2012,BCS,BANK,52.82,46036.06,46036.06,-1650.089,-0.539,1.0,99793.14,-21741.23,-11252.63,-4504.854,1.0,7.688,-0.3749,-0.0158,-0.0829,-4.0909,-21.998,-0.4288,139200,2.0693,1,-0.035843401889736004,2.1722102195539757e-05,-0.00015800000000000002,-0.003749,-0.47226521991673487,-0.47226521991673487,0.07589676389054345,0.33071882183908047
2011,BCS,BANK,33.47,48866.82,48866.82,6338.98,1.54,1.0,104600.5,46654.34,-3067.61,-9563.82,1.0,7.6045,4.6122,0.1923,1.368,12.2352,6.1199,5.2432,141100,3.1568,0,0.1297195111120388,2.0463782992222536e-05,0.001923,0.046121999999999996,0.9547242894053675,0.9547242894053675,0.13587117511468386,0.3463275690999291
2010,BCS,BANK,47.13,49030.07,49030.07,7034.11,1.84,1.0,96275.73,28894.16,-8701.03,245.86,1.0,9.3328,6.0555,0.2531,1.5241,14.4688,-12.8733,7.0387,147500,1.64,0,0.14346522450406454,2.039564699785254e-05,0.002531,0.060555000000000005,0.589315087659471,0.589315087659471,0.24344400390944052,0.3324072542372881
2009,BCS,BANK,36.84,45992.04,45992.04,5497.87,5.12,1.0,91570.7,65523.51,18026.64,-1035.05,1.0,8.5152,19.5283,0.8282,5.1862,12.0558,21.5535,22.9851,144200,-0.3555,0,0.11953959859140842,2.1742892900597582e-05,0.008282000000000001,0.195283,1.4246706604012347,1.4246706604012347,0.08390682977758669,0.31894618585298196
2023,NVDA,ELEC,1000.35,26974.0,15356.0,4368.0,1.74,5768.0,22101.0,5641.0,7375.0,-11617.0,3.5156,0.4956,19.7638,10.6066,13.7341,16.1934,-1.689,27.2099,26196,3.7,0,0.16193371394676356,0.213835545339957,0.10606600000000001,0.197638,0.20912730777786015,0.7352079632238452,0.7743307924126928,1.02969919071614
2022,NVDA,ELEC,359.5,26914.0,17475.0,9752.0,3.85,11215.0,26612.0,9108.0,-9830.0,1865.0,6.6503,0.4113,36.6451,22.0698,25.9652,36.2339,1.3378,48.946,22473,8.0028,0,0.3623393029649996,0.4166976294865126,0.220698,0.36645099999999997,0.3384112357880657,2.2505362413613734,1.0707070707070707,1.1976149156765896
2021,NVDA,ELEC,735.86,16675.0,10396.0,4332.0,1.73,5630.0,16893.0,5822.0,-19675.0,3804.0,4.0904,0.4122,25.6438,15.0464,18.9526,25.979,0.1419,43.4809,18975,4.6979,0,0.25979010494752625,0.3376311844077961,0.15046400000000001,0.256438,0.34914542728635684,1.428144455772114,0.7440742013053934,0.8787878787878788
2020,NVDA,ELEC,323.24,10918.0,6768.0,2796.0,1.13,3227.0,12204.0,4761.0,6145.0,-792.0,7.6738,0.1631,22.9105,16.1479,19.6971,25.6091,0.471,24.2351,13775,1.2336,0,0.2560908591317091,0.29556695365451546,0.161479,0.229105,0.43606887708371495,3.3463053489650116,0.5872715816005041,0.7925952813067151
2019,NVDA,ELEC,144.0,11716.0,7171.0,4141.0,1.6575,4066.0,9342.0,3743.0,-4097.0,-2866.0,7.9436,0.2128,44.3267,31.1541,36.549,35.3448,0.1057,47.7129,13277,1.8122,0,0.35344827586206895,0.34704677364288156,0.311541,0.443267,0.31947763741891433,2.537802560600888,1.1063318193962062,0.8824282593959479
2018,NVDA,ELEC,81.44,9714.0,5822.0,3047.0,1.205,3409.0,7471.0,3502.0,1278.0,-2544.0,8.0269,0.2677,40.7844,27.1061,32.2229,31.3671,0.5725,44.8022,11528,2.4426,0,0.3136709903232448,0.35093679225859586,0.271061,0.407844,0.36051060325303685,2.8937825612518013,0.8700742432895489,0.8426439972241498
2017,NVDA,ELEC,117.26,6910.0,4063.0,1666.0,0.6425,2121.0,5762.0,1672.0,-793.0,291.0,4.774,0.4877,28.9136,16.9292,21.4249,24.11,0.0975,33.0556,10299,2.1301,0,0.2410998552821997,0.3069464544138929,0.16929200000000003,0.289136,0.24196816208393632,1.155156005788712,0.9964114832535885,0.670938926109331
2016,NVDA,ELEC,57.53,5010.0,2811.0,614.0,0.27,973.0,4469.0,1175.0,-400.0,-676.0,2.5746,0.3379,13.7391,8.3311,13.4472,12.2555,0.124,16.6621,9227,1.2616,0,0.12255489021956088,0.19421157684630738,0.083311,0.137391,0.2345309381237525,0.6038233532934132,0.5225531914893617,0.5429717134496586
2015,NVDA,ELEC,17.73,4682.0,2599.0,631.0,0.28,1007.0,4418.0,906.0,-727.0,-834.0,6.3761,0.3164,14.2825,8.7627,10.8494,13.4772,0.1033,17.6356,9228,0.1186,0,0.13477146518581803,0.2150790260572405,0.08762700000000001,0.142825,0.1935070482699701,1.2338202904741562,0.6964679911699779,0.5073688773298656
2014,NVDA,ELEC,10.9,4130.0,2268.0,440.0,0.185,740.0,4456.398,835.0,-806.0,390.0,5.949,0.3083,9.8734,6.0682,7.5468,10.6538,-0.0022,12.5099,8808,1.6222,0,0.10653753026634383,0.1791767554479419,0.060682,0.098734,0.20217917675544794,1.2027639225181597,0.5269461077844312,0.4688919164396004
2013,NVDA,ELEC,9.11,4280.159,2226.343,562.536,0.225,874.4742,4827.703,824.172,-743.992,-15.27,4.8916,0.0039,11.6523,8.7728,11.6066,13.1429,-0.0561,14.5195,7974,1.4648,0,0.13142876234270737,0.20430881189226852,0.087728,0.116523,0.1925563980216623,0.9419088765627633,0.6825468470173701,0.5367643591672937
2012,NVDA,ELEC,7.66,3997.93,2056.517,581.09,0.235,852.5038,4145.724,909.156,-1143.364,236.723,4.1995,0.0052,14.0166,10.4646,13.9445,14.5348,0.0671,18.2816,7133,2.0693,0,0.14534771744377717,0.2132362997851388,0.104646,0.140166,0.22740668295843097,0.9549943650839308,0.6391532366282575,0.5604836674610962
2011,NVDA,ELEC,8.46,3543.309,1409.09,253.146,0.1075,442.7361,3181.462,675.797,-649.678,192.021,3.4232,0.0074,7.9569,5.6314,7.8988,7.1443,0.0588,10.034,6029,3.1568,0,0.07144338808723709,0.12494989852705479,0.056314,0.079569,0.19072482811970393,0.6528892316193705,0.37458881883169054,0.5877108973295737
2010,NVDA,ELEC,8.95,3326.445,1176.923,-67.987,-0.03,97.7189,2665.14,487.807,-519.333,61.059,3.1628,0.0092,-2.551,-1.8959,-2.5278,-2.0438,0.2588,-3.1261,5706,1.64,1,-0.02043833582097404,0.029376376281585896,-0.018959,-0.02551,0.14664514218632804,0.46380925570691833,-0.13937274372856476,0.5829731861198738
2009,NVDA,ELEC,10.37,3424.859,1174.269,-30.041,-0.0125,114.3228,2394.652,249.36,-209.367,-349.274,2.7845,0.0107,-1.2545,-0.8966,-1.2412,-0.8771,-0.0722,-1.5999,5420,-0.3555,1,-0.008771455992786857,0.03338029390407021,-0.008966,-0.012544999999999999,0.07280883680174863,0.20273620607446904,-0.12047240936798202,0.6318928044280443
2022,INTC,ELEC,109.08,63054.0,26866.0,8014.0,1.94,15369.0,103286.0,15433.0,-10477.0,1361.0,1.5676,0.4071,7.7619,4.4025,5.687,12.7097,-4.564,11.506,131900,8.0028,0,0.1270974085704317,0.2437434579883909,0.044025,0.077619,0.2447584610016811,0.3836833634662353,0.5192768742305449,0.47804397270659593
2021,INTC,ELEC,209.45,79024.0,43815.0,19868.0,4.86,31248.0,95391.0,29456.0,-24449.0,-6045.0,2.1323,0.3994,20.828,11.7977,15.4134,25.1417,-2.8278,32.4864,121100,4.6979,0,0.2514172909495849,0.3954241749341972,0.11797700000000001,0.20828,0.37274751974083825,0.7948095363433894,0.6744975556762629,0.6525516102394715
2020,INTC,ELEC,104.16,77867.0,43612.0,20899.0,4.94,35917.0,81038.0,35864.0,-21524.0,-12669.0,1.9087,0.4492,25.7891,13.6514,18.1833,26.8394,1.2739,46.4,110600,1.2336,0,0.26839354283586114,0.46126086789012033,0.136514,0.25789100000000004,0.46058022011892075,0.8791094661409841,0.5827291991969663,0.7040415913200724
2019,INTC,ELEC,260.35,71965.0,42140.0,21048.0,4.71,32861.0,77504.0,33145.0,-14405.0,-17565.0,1.4002,0.3742,27.1573,15.4171,20.4723,29.2476,0.7539,52.0977,110800,1.8122,0,0.2924755089279511,0.45662474814145765,0.154171,0.271573,0.46057111095671505,0.6448916695615924,0.6350279076783829,0.6495036101083033
2018,INTC,ELEC,214.19,70848.0,43737.0,21053.0,4.48,32401.0,74563.0,29432.0,-11239.0,-18607.0,1.7314,0.3535,28.2352,16.4524,21.1246,29.7157,0.8946,55.0924,107400,2.4426,0,0.2971572944896116,0.45733118789521227,0.164524,0.282352,0.4154245709123758,0.7192661020776875,0.7153098668116336,0.6596648044692738
2017,INTC,ELEC,216.03,62761.0,39098.0,9601.0,1.99,26179.0,69019.0,22110.0,-15762.0,-8475.0,1.6934,0.3885,13.9107,7.7899,10.2078,15.2977,-0.3622,30.1113,102700,2.1301,0,0.15297716734914996,0.4171220981182582,0.077899,0.139107,0.35228884179665715,0.5965659246984593,0.4342379014020805,0.611110029211295
2016,INTC,ELEC,171.88,59387.0,36233.0,10316.0,2.12,20923.0,66226.0,21808.0,-25817.0,-5739.0,1.749,0.3818,15.577,9.1029,11.8745,17.3708,0.1101,24.1972,106000,1.2616,0,0.17370805058346103,0.35231616347011974,0.091029,0.15577,0.3672184148045869,0.6422650074932225,0.47303741746148203,0.560254716981132
2015,INTC,ELEC,162.57,55355.0,34679.0,11420.0,2.33,22713.0,61085.0,19018.0,-8183.0,1912.0,2.4492,0.3711,18.6953,11.2558,14.0777,20.6305,0.3492,24.9236,107300,0.1186,0,0.2063047601842652,0.41031523800921327,0.112558,0.186953,0.34356426700388404,0.8414576027459127,0.6004837522347249,0.5158900279589935
2014,INTC,ELEC,175.46,55870.0,35609.0,11704.0,2.31,23896.0,55865.0,20418.0,-9905.0,-13611.0,1.7319,0.2444,20.9505,12.7356,17.231,20.9486,0.0651,28.8574,106700,1.6222,0,0.20948630749955252,0.4277071773760516,0.127356,0.20950500000000002,0.3654555217469125,0.6329324181134778,0.5732197081006954,0.5236176194939082
2013,INTC,ELEC,129.02,52708.0,31521.0,9620.0,1.89,20323.0,58256.0,20776.0,-18073.0,-5498.0,2.3647,0.2308,16.5133,10.416,13.4694,18.2515,0.452,22.5859,107600,1.4648,0,0.18251498823707976,0.3855771419898308,0.10416,0.165133,0.39417166274569326,0.9320977308947409,0.46303427031189837,0.4898513011152416
2012,INTC,ELEC,102.61,53341.0,33151.0,11005.0,2.13,22160.0,51203.0,18884.0,-14060.0,-1408.0,2.4312,0.2626,21.4929,13.0467,17.1047,20.6314,-0.3622,31.2128,105000,2.0693,0,0.2063140923492248,0.4154402804596839,0.130467,0.21492899999999998,0.3540241090343263,0.8607034138842541,0.5827684812539716,0.5080095238095238
2011,INTC,ELEC,123.48,53999.0,33757.0,12942.0,2.39,23541.0,45911.0,20963.0,-10301.0,-11100.0,2.151,0.1597,28.1893,18.1977,24.4212,23.9671,-0.1314,42.5864,100100,3.1568,0,0.23967110502046335,0.43595251763921555,0.181977,0.281893,0.388210892794311,0.8350416304005629,0.6173734675380432,0.5394505494505495
2010,INTC,ELEC,117.31,43623.0,28491.0,11464.0,2.01,20226.0,49430.0,16692.0,-10539.0,-4642.0,3.3892,0.0428,23.1924,18.1433,22.2572,26.2797,0.8374,26.0315,82500,1.64,0,0.2627971482933315,0.46365449418884536,0.181433,0.231924,0.3826421841689017,1.2968508905852418,0.6867960699736401,0.5287636363636363
2009,INTC,ELEC,112.65,35127.0,19561.0,4369.0,0.77,10763.0,41704.0,11170.0,-7965.0,-2568.0,2.7871,0.0533,10.4762,8.2286,9.9856,12.4377,1.1789,11.7185,79800,-0.3555,0,0.12437725965781307,0.30640248242092977,0.082286,0.10476200000000001,0.3179890113018476,0.8862671733993794,0.3911369740376007,0.440187969924812
2022,AMZN,LOGI,856.94,513983.0,225152.0,-2722.0,-0.27,54169.0,146043.0,46752.0,-37601.0,9718.0,0.9446,0.4598,-1.8638,-0.5883,-1.2768,-0.5296,-0.2546,-2.1645,1541000,8.0028,1,-0.005295895000418302,0.10539064521589235,-0.005883,-0.018638,0.09096020685509054,0.08592101139531852,-0.05822210814510609,0.33353861129136925
2021,AMZN,LOGI,1691.0,469822.0,197478.0,33364.0,3.24,59312.0,138245.0,46327.0,-58154.0,6291.0,1.1358,0.3526,24.134,7.9334,17.8428,7.1014,-3.9226,27.153,1608000,4.6979,0,0.07101412875514557,0.12624355607017126,0.079334,0.24134,0.09860542929024184,0.11199604658785667,0.7201847734582425,0.2921778606965174
2020,AMZN,LOGI,1634.16,386064.0,152757.0,21331.0,2.09,48079.0,93404.0,66064.0,-59611.0,-1104.0,1.0502,0.3406,22.8374,6.6411,17.0348,5.5252,0.4798,27.2124,1298000,1.2336,0,0.05525249699531684,0.12453634630527581,0.066411,0.228374,0.17112188652658628,0.1797122052302209,0.32288387018648584,0.2974298921417565
2019,AMZN,LOGI,916.15,280522.0,114986.0,11588.0,1.1505,36330.0,62060.0,38514.0,-24281.0,-10066.0,1.097,0.3773,18.6723,5.1446,13.5573,4.1309,0.622,24.4958,798000,1.8122,0,0.04130870306072251,0.12950855904349748,0.051446,0.186723,0.13729404467385803,0.15061156700722225,0.3008776029495768,0.35153132832080203
2018,AMZN,LOGI,734.42,232887.0,93731.0,10073.0,1.007,27762.0,43549.0,30723.0,-12369.0,-7686.0,1.0981,0.5395,23.1303,6.1931,15.0245,4.3253,1.0975,34.7333,647500,2.4426,0,0.04325273630559026,0.11920802792770743,0.061931,0.23130299999999998,0.13192234860683508,0.14486393100516562,0.3278651173388015,0.3596710424710425
2017,AMZN,LOGI,563.54,177866.0,65932.0,3033.0,0.3075,15584.0,27709.0,18365.0,-27084.0,9928.0,1.04,0.893,10.9459,2.3098,5.7824,1.7052,-0.2387,21.1226,566000,2.1301,0,0.01705216286417865,0.08761652030180023,0.023098,0.109459,0.10325188625144772,0.10738196170150564,0.165151102640893,0.3142508833922261
2016,AMZN,LOGI,356.31,135987.0,47722.0,2371.0,0.245,12302.0,19285.0,17203.0,-9516.0,-3716.0,1.0448,0.399,12.2945,2.8429,8.7883,1.7435,0.3003,15.2958,341400,1.2616,0,0.017435490157147373,0.0904645296976917,0.028429000000000003,0.122945,0.12650473942362137,0.1321721517497996,0.13782479800034877,0.39832161687170475
2015,AMZN,LOGI,316.83,107006.0,35355.0,596.0,0.0625,8514.0,13384.0,12039.0,-6450.0,-3882.0,1.0536,0.6147,4.4531,0.9205,2.7579,0.557,0.57,6.1922,230800,0.1186,0,0.0055697811337682,0.07956563183372894,0.009205,0.044531,0.11250770984804591,0.11853812309590119,0.049505772904726304,0.463630849220104
2014,AMZN,LOGI,143.7,88988.0,26236.0,-241.0,-0.026,4924.0,10741.0,6842.0,-5065.0,4432.0,1.1153,0.7695,-2.2437,-0.4422,-1.268,-0.2708,-0.0075,-3.2471,154100,1.6222,1,-0.0027082303231896437,0.05533330336674608,-0.004422,-0.022437,0.07688677125005619,0.08575181597518766,-0.035223618824905,0.5774691758598313
2013,AMZN,LOGI,182.54,74452.0,20271.0,274.0,0.0295,3998.0,9746.0,5475.0,-4276.0,-539.0,1.0716,0.3274,2.8114,0.6823,2.118,0.368,0.1748,3.8641,117300,1.4648,0,0.0036802234997045076,0.05369902756138183,0.006823,0.028114,0.07353731263095686,0.07880258421533338,0.05004566210045662,0.6347144075021313
2012,AMZN,LOGI,113.63,61093.0,15122.0,-39.0,-0.0045,2835.0,8192.0,4180.0,-3595.0,2259.0,1.1207,0.3765,-0.4761,-0.1198,-0.3459,-0.0638,-0.1833,-0.6915,88400,2.0693,1,-0.0006383710081351383,0.046404661745208124,-0.001198,-0.0047610000000000005,0.06842027728217635,0.07667860475013503,-0.009330143540669857,0.6910972850678733
2011,AMZN,LOGI,78.72,48077.0,10789.0,631.0,0.0685,1945.0,7757.0,3903.0,-1930.0,-482.0,1.1741,0.0329,8.1346,2.4962,7.8757,1.3125,-0.049,10.8756,56200,3.1568,0,0.013124779000353599,0.04045593527050357,0.024961999999999998,0.081346,0.08118227010836783,0.09531610333423467,0.16167050986420703,0.8554626334519573
2010,AMZN,LOGI,80.79,34204.0,7643.0,1152.0,0.1265,1974.0,6864.0,3495.0,-3360.0,181.0,1.3254,0.2274,16.7832,6.1286,13.6736,3.368,-0.0544,20.8885,33700,1.64,0,0.03368027131329669,0.057712548239971934,0.06128599999999999,0.167832,0.10218103145830897,0.13543073909484268,0.3296137339055794,1.0149554896142434
2009,AMZN,LOGI,58.24,24509.0,5531.0,902.0,0.102,1507.0,5257.0,3293.0,-2337.0,-280.0,1.3304,0.2007,17.1581,6.5301,17.1581,3.6803,0.3303,22.4211,24300,-0.3555,0,0.036802807132073935,0.061487616793830836,0.065301,0.171581,0.13435880696886857,0.17875095679138275,0.27391436380200423,1.0086008230452674
